,cluster,complex_corum,overlap_genes_corum,overlap_fraction_corum,raw_p_value_corum,complex_size_corum,overlap_size_corum,cluster_size_corum,complex_stringdb,overlap_genes_stringdb,overlap_fraction_stringdb,raw_p_value_stringdb,complex_size_stringdb,overlap_size_stringdb,cluster_size_stringdb,best_described_by,complex_kegg,overlap_genes_kegg,overlap_fraction_kegg,raw_p_value_kegg,complex_size_kegg,overlap_size_kegg,cluster_size_kegg,complex_reactome,overlap_genes_reactome,overlap_fraction_reactome,raw_p_value_reactome,complex_size_reactome,overlap_size_reactome,cluster_size_reactome,complex_zhang,overlap_genes_zhang,overlap_fraction_zhang,raw_p_value_zhang,complex_size_zhang,overlap_size_zhang,cluster_size_zhang,complex_zhangpairwise,overlap_genes_zhangpairwise,overlap_fraction_zhangpairwise,raw_p_value_zhangpairwise,complex_size_zhangpairwise,overlap_size_zhangpairwise,cluster_size_zhangpairwise,intracluster_corr,cluster_size,cluster_gene_size,cluster_member,related_cluster,rest_count,stim8hr_count,stim48hr_count,cluster_member_with_condition
0,0,SMG1 complex,"['SMG9', 'SMG8', 'SMG1']",0.3333333333333333,3.9588583376459764e-08,3.0,3.0,9.0,CL:2516,"['CASC3', 'SMG1', 'SMG8', 'SMG7', 'UPF2', 'SMG9']",0.6666666666666666,4.9424211588485074e-11,24.0,6.0,9.0,"Nonsense-mediated mRNA decay, and ASAP complex",,,,,,,,REACTOME_NONSENSE_MEDIATED_DECAY_NMD,"['CASC3', 'SMG1', 'SMG8', 'SMG7', 'UPF2', 'SMG9']",0.6666666666666666,9.82024561383009e-07,116.0,6.0,9.0,SMG8,"['UPF2', 'SMG9', 'SMG8']",0.3333333333333333,3.9588583376459764e-08,3.0,3.0,9.0,complex 4628,"['SMG9', 'SMG8']",0.2222222222222222,1.3199964800093867e-05,2.0,2.0,9.0,0.3392998116450381,24,9,"{'CASC3', 'SMG1', 'TMEM79', 'SRR', 'SMG8', 'SMG7', 'XRN1', 'UPF2', 'SMG9'}",,8.0,9.0,7.0,"['CASC3_Rest', 'SMG7_Stim8hr', 'CASC3_Stim8hr', 'SMG9_Stim48hr', 'SMG9_Rest', 'SRR_Rest', 'XRN1_Stim8hr', 'CASC3_Stim48hr', 'UPF2_Stim48hr', 'SMG1_Stim48hr', 'UPF2_Rest', 'SMG8_Stim8hr', 'UPF2_Stim8hr', 'SMG7_Rest', 'TMEM79_Stim8hr', 'SMG9_Stim8hr', 'SMG8_Rest', 'TMEM79_Rest', 'SMG8_Stim48hr', 'SMG1_Rest', 'SRR_Stim8hr', 'TMEM79_Stim48hr', 'SMG1_Stim8hr', 'SMG7_Stim48hr']"
1,1,,,,,,,,CL:35457,"['INTS10', 'INTS13', 'INTS14']",0.375,2.630760233084567e-07,5.0,3.0,8.0,Integrator complex,,,,,,,,REACTOME_RNA_POLYMERASE_II_TRANSCRIBES_SNRNA_GENES,"['INTS10', 'INTS13', 'INTS14']",0.375,0.001983994553983557,81.0,3.0,8.0,INTS14,"['INTS13', 'INTS10', 'INTS14']",0.375,2.6392388917639837e-08,3.0,3.0,8.0,complex 1791,"['INTS13', 'INTS14']",0.25,1.0266639288961898e-05,2.0,2.0,8.0,0.38491907093486594,21,8,"{'ARID5B', 'INTS10', 'EBF3', 'FGFR1OP2', 'INTS14', 'SLC24A1', 'INTS13', 'INTS15'}",,6.0,8.0,7.0,"['SLC24A1_Stim8hr', 'SLC24A1_Rest', 'ARID5B_Stim8hr', 'INTS13_Stim48hr', 'INTS15_Stim8hr', 'FGFR1OP2_Stim8hr', 'INTS14_Rest', 'INTS13_Stim8hr', 'INTS10_Stim8hr', 'INTS13_Rest', 'EBF3_Stim48hr', 'EBF3_Rest', 'INTS14_Stim48hr', 'SLC24A1_Stim48hr', 'FGFR1OP2_Stim48hr', 'INTS14_Stim8hr', 'INTS15_Stim48hr', 'INTS10_Rest', 'EBF3_Stim8hr', 'INTS10_Stim48hr', 'FGFR1OP2_Rest']"
2,2,INO80 chromatin remodeling complex,"['ACTR8', 'INO80B', 'INO80E', 'INO80C', 'NFRKB', 'INO80', 'ACTR5']",0.6363636363636364,7.518605975126243e-15,13.0,7.0,11.0,CL:5066,"['ACTR8', 'INO80B', 'INO80E', 'INO80C', 'NFRKB', 'INO80', 'ACTR5']",0.6363636363636364,5.281575981052911e-16,10.0,7.0,11.0,Ino80 complex,,,,,,,,REACTOME_DNA_DAMAGE_RECOGNITION_IN_GG_NER,"['ACTR8', 'INO80B', 'INO80E', 'INO80C', 'NFRKB', 'INO80', 'ACTR5']",0.6363636363636364,5.32419098309052e-11,38.0,7.0,11.0,INO80,"['ACTR8', 'INO80B', 'INO80E', 'NFRKB', 'INO80']",0.45454545454545453,6.668883947992244e-09,18.0,5.0,11.0,complex 3255,"['NFRKB', 'INO80E']",0.18181818181818182,2.0166612889032297e-05,2.0,2.0,11.0,0.2467944483755926,27,11,"{'ACTR8', 'INO80B', 'INO80E', 'RO60', 'INO80C', 'HIRIP3', 'NFRKB', 'HEY1', 'UCHL5', 'INO80', 'ACTR5'}",,6.0,10.0,11.0,"['INO80B_Stim8hr', 'ACTR5_Rest', 'INO80E_Stim8hr', 'RO60_Stim48hr', 'HEY1_Stim48hr', 'NFRKB_Stim48hr', 'NFRKB_Stim8hr', 'HIRIP3_Stim48hr', 'HEY1_Rest', 'INO80C_Stim8hr', 'UCHL5_Rest', 'NFRKB_Rest', 'INO80E_Stim48hr', 'INO80B_Stim48hr', 'UCHL5_Stim48hr', 'ACTR5_Stim48hr', 'ACTR8_Stim8hr', 'RO60_Rest', 'INO80C_Stim48hr', 'INO80C_Rest', 'ACTR5_Stim8hr', 'RO60_Stim8hr', 'HEY1_Stim8hr', 'UCHL5_Stim8hr', 'ACTR8_Stim48hr', 'INO80_Stim48hr', 'INO80_Stim8hr']"
3,3,,,,,,,,,,,,,,,,,,,,,,,,,,,,,,RFX1,"['FOXN2', 'RFX1']",1.0,1.099997066674489e-06,3.0,2.0,2.0,complex 5957,"['FOXN2', 'RFX1']",1.0,3.666656888914963e-07,2.0,2.0,2.0,0.3109219097032754,5,2,"{'FOXN2', 'RFX1'}",,2.0,1.0,2.0,"['RFX1_Stim8hr', 'FOXN2_Stim48hr', 'RFX1_Stim48hr', 'RFX1_Rest', 'FOXN2_Rest']"
4,4,,,,,,,,CL:5169,"['PHF12', 'SIN3B', 'GATAD1']",0.75,2.1373495817835826e-06,20.0,3.0,4.0,Sin3 complex,,,,,,,,,,,,,,,GATAD1,"['PHF12', 'SIN3B', 'GATAD1']",0.75,7.538258410772825e-09,4.0,3.0,4.0,complex 5069,"['SIN3B', 'GATAD1']",0.5,2.199994133348978e-06,2.0,2.0,4.0,0.3219043130392543,9,4,"{'PHF12', 'SIN3B', 'GATAD1', 'PIM1'}",,2.0,4.0,3.0,"['PHF12_Stim8hr', 'SIN3B_Stim8hr', 'PHF12_Rest', 'GATAD1_Stim8hr', 'SIN3B_Stim48hr', 'PHF12_Stim48hr', 'SIN3B_Rest', 'PIM1_Stim8hr', 'GATAD1_Stim48hr']"
5,5,,,,,,,,,,,,,,,,,,,,,,,,,,,,,,,,,,,,,,,,,,,,0.35052764316156826,6,2,"{'INTS12', 'GSTCD'}",,2.0,2.0,2.0,"['GSTCD_Rest', 'GSTCD_Stim48hr', 'INTS12_Rest', 'INTS12_Stim8hr', 'INTS12_Stim48hr', 'GSTCD_Stim8hr']"
6,6,"STAGA complex, SPT3-linked","['SUPT20H', 'TADA1', 'TADA2B', 'SGF29', 'TADA3', 'SUPT7L', 'TAF5L', 'TAF6L']",0.1568627450980392,1.845819915123988e-09,19.0,8.0,51.0,CL:6031,"['SUPT20H', 'TADA1', 'TADA2B', 'TADA3', 'SUPT7L', 'TAF5L', 'TAF6L']",0.13725490196078433,1.1302242258341973e-09,12.0,7.0,51.0,SAGA complex,KEGG_BASAL_TRANSCRIPTION_FACTORS,"['TAF5L', 'TAF6L']",0.0392156862745098,0.17671602548466503,35.0,2.0,51.0,REACTOME_TRANSCRIPTIONAL_REGULATION_OF_WHITE_ADIPOCYTE_DIFFERENTIATION,"['MED13', 'MED19', 'CCNC', 'MED12', 'MED14', 'MED1']",0.11764705882352941,0.008887238492403584,84.0,6.0,51.0,TADA1,"['SUPT20H', 'TADA1', 'TADA3', 'SUPT7L', 'TAF5L', 'TAF6L']",0.11764705882352941,6.71365527476768e-08,12.0,6.0,51.0,complex 4294,"['TAF5L', 'TAF6L']",0.0392156862745098,0.00046749875333665776,2.0,2.0,51.0,0.31796023196419965,81,51,"{'MED19', 'ABCA5', 'SLC4A1AP', 'CDCA2', 'KLF10', 'STX16', 'TADA2B', 'CHMP4A', 'COPRS', 'CHD7', 'CD274', 'GIPC3', 'MED1', 'SUPT20H', 'TADA1', 'CCNC', 'URB2', 'SCYL3', 'ARPC4-TTLL3', 'MOSPD2', 'POGLUT3', 'SINHCAF', 'ZNF43', 'USP16', 'UBAC1', 'SENP5', 'SLC22A15', 'UBE2L3', 'MEST', 'EID2', 'MED12', 'PEX6', 'SGF29', 'MED14', 'TADA3', 'ZNF587B', 'SUPT7L', 'TAF5L', 'TSPYL5', 'ZNF613', 'ZNF280D', 'NRAS', 'MED13', 'BCAP29', 'RNFT1', 'TMX2', 'GLIPR2', 'ZFPM1', 'TAF6L', 'PSMB9', 'TMED3'}",{7},32.0,49.0,0.0,"['MED19_Rest', 'MED13_Stim8hr', 'STX16_Rest', 'POGLUT3_Rest', 'ABCA5_Stim8hr', 'PEX6_Stim8hr', 'ARPC4-TTLL3_Rest', 'TAF6L_Rest', 'TMX2_Stim8hr', 'MED1_Stim8hr', 'ARPC4-TTLL3_Stim8hr', 'MED1_Rest', 'TADA1_Rest', 'MOSPD2_Stim8hr', 'EID2_Stim8hr', 'SINHCAF_Rest', 'TMX2_Rest', 'NRAS_Rest', 'RNFT1_Stim8hr', 'TAF5L_Stim8hr', 'SLC4A1AP_Rest', 'COPRS_Rest', 'CHD7_Rest', 'MED12_Rest', 'CDCA2_Stim8hr', 'MED19_Stim8hr', 'SLC4A1AP_Stim8hr', 'ZNF613_Stim8hr', 'SCYL3_Rest', 'USP16_Rest', 'COPRS_Stim8hr', 'PEX6_Rest', 'SENP5_Rest', 'ZFPM1_Rest', 'SLC22A15_Stim8hr', 'PSMB9_Stim8hr', 'SGF29_Rest', 'TADA3_Rest', 'ZNF280D_Stim8hr', 'CD274_Stim8hr', 'KLF10_Stim8hr', 'SUPT20H_Stim8hr', 'SUPT7L_Stim8hr', 'UBAC1_Stim8hr', 'MED13_Rest', 'ZNF280D_Rest', 'TSPYL5_Stim8hr', 'BCAP29_Stim8hr', 'TAF5L_Rest', 'TAF6L_Stim8hr', 'MEST_Stim8hr', 'ZFPM1_Stim8hr', 'UBE2L3_Stim8hr', 'ZNF43_Stim8hr', 'SUPT20H_Rest', 'CCNC_Rest', 'SUPT7L_Rest', 'SCYL3_Stim8hr', 'POGLUT3_Stim8hr', 'MED12_Stim8hr', 'URB2_Stim8hr', 'TADA2B_Rest', 'MEST_Rest', 'TSPYL5_Rest', 'STX16_Stim8hr', 'TADA3_Stim8hr', 'MED14_Stim8hr', 'SENP5_Stim8hr', 'SINHCAF_Stim8hr', 'ZNF587B_Stim8hr', 'TADA2B_Stim8hr', 'EID2_Rest', 'TMED3_Stim8hr', 'GIPC3_Stim8hr', 'CHD7_Stim8hr', 'GLIPR2_Stim8hr', 'SGF29_Stim8hr', 'MED14_Rest', 'CHMP4A_Stim8hr', 'NRAS_Stim8hr', 'TADA1_Stim8hr']"
7,7,"STAGA complex, SPT3-linked","['SUPT20H', 'TADA1', 'TADA2B', 'SGF29', 'SUPT7L', 'TAF6L']",0.1935483870967742,7.899348403887449e-08,19.0,6.0,31.0,CL:6029,"['SUPT20H', 'TADA1', 'TADA2B', 'SGF29', 'SUPT7L', 'TAF6L']",0.1935483870967742,7.899348403887449e-08,19.0,6.0,31.0,SAGA complex,,,,,,,,REACTOME_TRANSCRIPTIONAL_REGULATION_OF_WHITE_ADIPOCYTE_DIFFERENTIATION,"['MED13', 'MED19', 'CCNC', 'MED12', 'MED15', 'MED1']",0.1935483870967742,0.0006461516514992856,84.0,6.0,31.0,SUPT3H,"['SUPT7L', 'TAF6L', 'TADA1']",0.0967741935483871,8.397566538584193e-06,4.0,3.0,31.0,complex 6795,"['SUPT20H', 'TADA1']",0.06451612903225806,0.00017049954533454579,2.0,2.0,31.0,0.3830302245070354,31,31,"{'ABCA5', 'MED19', 'TADA2B', 'STX16', 'COPRS', 'CHD7', 'CD274', 'MED1', 'SUPT20H', 'TADA1', 'CCNC', 'SCYL3', 'MOSPD2', 'POGLUT3', 'SENP5', 'MEST', 'EID2', 'GBA2', 'MED12', 'PEX6', 'SGF29', 'SUPT7L', 'TSPYL5', 'ZNF280D', 'ZNF613', 'NRAS', 'MED13', 'GLIPR2', 'ZFPM1', 'TAF6L', 'MED15'}",{6},0.0,0.0,31.0,"['CD274_Stim48hr', 'SUPT7L_Stim48hr', 'MEST_Stim48hr', 'TADA2B_Stim48hr', 'MED13_Stim48hr', 'GBA2_Stim48hr', 'COPRS_Stim48hr', 'GLIPR2_Stim48hr', 'TADA1_Stim48hr', 'TAF6L_Stim48hr', 'STX16_Stim48hr', 'ABCA5_Stim48hr', 'MED19_Stim48hr', 'PEX6_Stim48hr', 'MOSPD2_Stim48hr', 'SGF29_Stim48hr', 'ZNF280D_Stim48hr', 'MED1_Stim48hr', 'SENP5_Stim48hr', 'EID2_Stim48hr', 'SUPT20H_Stim48hr', 'SCYL3_Stim48hr', 'MED12_Stim48hr', 'MED15_Stim48hr', 'POGLUT3_Stim48hr', 'CHD7_Stim48hr', 'ZNF613_Stim48hr', 'ZFPM1_Stim48hr', 'CCNC_Stim48hr', 'NRAS_Stim48hr', 'TSPYL5_Stim48hr']"
8,9,,,,,,,,,,,,,,,,,,,,,,,REACTOME_NUCLEAR_RNA_DECAY,"['ZFC3H1', 'ZC3H3']",0.4,0.0021206010291873324,35.0,2.0,5.0,ZC3H3,"['ZFC3H1', 'ZC3H3']",0.4,2.1962250041435908e-05,4.0,2.0,5.0,complex 1274,"['ZFC3H1', 'ZC3H3']",0.4,3.6666568889149627e-06,2.0,2.0,5.0,0.2500657965782799,9,5,"{'GPAA1', 'THAP2', 'ZDHHC3', 'ZFC3H1', 'ZC3H3'}",,3.0,5.0,1.0,"['ZFC3H1_Stim48hr', 'THAP2_Rest', 'THAP2_Stim8hr', 'ZFC3H1_Rest', 'ZFC3H1_Stim8hr', 'ZC3H3_Rest', 'GPAA1_Stim8hr', 'ZC3H3_Stim8hr', 'ZDHHC3_Stim8hr']"
9,10,,,,,,,,CL:1545,"['XBP1', 'ERN1']",1.0,6.269983280044588e-05,19.0,2.0,2.0,"Photodynamic therapy-induced unfolded protein response, and IRE1-TRAF2-ASK1 complex",,,,,,,,REACTOME_IRE1ALPHA_ACTIVATES_CHAPERONES,"['XBP1', 'ERN1']",1.0,0.00044916546889208294,50.0,2.0,2.0,,,,,,,,,,,,,,,0.30400046778076284,6,2,"{'XBP1', 'ERN1'}",,2.0,2.0,2.0,"['ERN1_Stim48hr', 'ERN1_Rest', 'ERN1_Stim8hr', 'XBP1_Rest', 'XBP1_Stim48hr', 'XBP1_Stim8hr']"
10,11,BAF complex,"['SMARCE1', 'SMARCB1']",0.6666666666666666,3.0747133089050416e-05,8.0,2.0,3.0,CL:5108,"['SMARCE1', 'SMARCB1']",0.6666666666666666,4.938675776213354e-05,10.0,2.0,3.0,npBAF complex,,,,,,,,REACTOME_FORMATION_OF_THE_CANONICAL_BAF_CBAF_COMPLEX,"['SMARCE1', 'SMARCB1']",0.6666666666666666,0.0001675304015813113,18.0,2.0,3.0,ARID1B,"['SMARCE1', 'SMARCB1']",0.6666666666666666,0.00011507081568090966,15.0,2.0,3.0,,,,,,,,0.30443397297449115,5,3,"{'IL2RB', 'SMARCE1', 'SMARCB1'}",,1.0,1.0,3.0,"['IL2RB_Stim48hr', 'SMARCE1_Stim48hr', 'SMARCB1_Stim48hr', 'SMARCE1_Stim8hr', 'SMARCE1_Rest']"
11,13,"55S ribosome, mitochondrial","['MRPS35', 'MRPS9', 'MRPS15', 'MRPL39', 'MRPL2', 'MRPS23', 'MRPL18', 'MRPS11', 'MRPS12', 'MRPL11', 'MRPS27', 'MRPS25', 'MRPS17', 'MRPS21', 'MRPL16', 'MRPS16', 'MRPL42', 'MRPL45', 'MRPL21', 'MRPL46', 'MRPL37', 'MRPS26', 'MRPS7', 'MRPL43', 'MRPS24', 'MRPS2']",0.29213483146067415,2.1655620884593505e-19,78.0,26.0,89.0,CL:562,"['MRPS35', 'MRPS9', 'MRPS15', 'MRPL39', 'MRPL2', 'MRPS23', 'MRPL18', 'MRPS11', 'MRPS12', 'MRPL11', 'MRPS27', 'MRPS25', 'MRPS17', 'MRPS21', 'MRPL16', 'MRPS16', 'MRPL42', 'MRPL45', 'OXA1L', 'MRPL21', 'MRPL46', 'MRPL37', 'MRPS26', 'MRPS7', 'MRPL43', 'MRPS24', 'MRPS2']",0.30337078651685395,5.490741923765836e-20,82.0,27.0,89.0,Mitochondrial translation initiation,KEGG_AMINOACYL_TRNA_BIOSYNTHESIS,"['LARS2', 'VARS2', 'WARS2', 'EARS2', 'PARS2', 'TARS2']",0.06741573033707865,0.003961102540149206,41.0,6.0,89.0,REACTOME_MITOCHONDRIAL_TRANSLATION,"['MRPS35', 'MRPS9', 'MRPS15', 'MRPL2', 'MRPS23', 'MRPL18', 'MRPS11', 'MRPS12', 'MRPL11', 'MRPS27', 'MRPS25', 'MRPS17', 'MRPL16', 'MRPS16', 'MRPS21', 'TUFM', 'MRPL42', 'MRPL45', 'OXA1L', 'MRPL46', 'MRPL21', 'MRPL37', 'MRPS26', 'MRPS7', 'MRPS24', 'MRPL43', 'MRPL39', 'MRPS2']",0.3146067415730337,4.071127782334406e-19,96.0,28.0,89.0,MRPS9,"['MRPS35', 'MRPS21', 'MRPS11', 'MRPS9', 'MRPS24', 'MRPS2', 'MRPS26', 'MRPS7']",0.0898876404494382,3.2534477700266286e-08,16.0,8.0,89.0,complex 155,"['COX5A', 'COX4I1']",0.02247191011235955,0.0014358628376990995,2.0,2.0,89.0,0.2696269233622731,89,89,"{'CYC1', 'BCS1L', 'LARS2', 'COA3', 'MRPS9', 'PNPT1', 'MRPS23', 'PARS2', 'MRPL18', 'PGS1', 'UQCRQ', 'ADAT3', 'TWNK', 'MRPL11', 'ISCA2', 'MRPS25', 'COX4I1', 'WARS2', 'NPC2', 'MRPL37', 'COX11', 'SSBP1', 'MYCN', 'TFAM', 'MRPS12', 'PDSS1', 'MRPS17', 'MRPS21', 'MRPL42', 'CAD', 'NSUN4', 'MRPL21', 'MRPS26', 'SLC25A51', 'SLC25A10', 'EARS2', 'COX6C', 'MRPS24', 'MRPS35', 'POLRMT', 'SSB', 'RCC1L', 'MRPS15', 'MRPL2', 'STXBP4', 'MRPS11', 'DDX1', 'ATP5PO', 'POLG', 'MRPL16', 'MRPS16', 'TUFM', 'COA5', 'MRPL45', 'SCO2', 'SLC7A11', 'MRPS7', 'COX5A', 'TRMT61A', 'LRPPRC', 'MRPL39', 'MRPS2', 'TARS2', 'PTCD2', 'AIFM1', 'COQ4', 'SCO1', 'RTRAF', 'MRPS27', 'MIPEP', 'UQCRB', 'METTL1', 'PKM', 'COA7', 'ATP5MF', 'CRLS1', 'PDSS2', 'OXA1L', 'MRPL46', 'ALDH18A1', 'COX10', 'HCCS', 'RNASEH1', 'MRPL43', 'VARS2', 'HSD17B10', 'PPA2', 'KAT14', 'UMPS'}","{25, 84}",89.0,0.0,0.0,"['VARS2_Rest', 'TARS2_Rest', 'MRPS11_Rest', 'EARS2_Rest', 'KAT14_Rest', 'LRPPRC_Rest', 'TWNK_Rest', 'PDSS1_Rest', 'DDX1_Rest', 'COA3_Rest', 'UQCRB_Rest', 'OXA1L_Rest', 'MRPL11_Rest', 'MRPL37_Rest', 'SSB_Rest', 'RTRAF_Rest', 'PPA2_Rest', 'MRPL16_Rest', 'TUFM_Rest', 'PTCD2_Rest', 'MRPS26_Rest', 'RCC1L_Rest', 'MRPS21_Rest', 'MRPS23_Rest', 'MRPS15_Rest', 'MRPL46_Rest', 'HCCS_Rest', 'COX4I1_Rest', 'CYC1_Rest', 'AIFM1_Rest', 'MRPS25_Rest', 'MRPL21_Rest', 'MRPS9_Rest', 'PNPT1_Rest', 'MRPS17_Rest', 'MRPL2_Rest', 'COA5_Rest', 'BCS1L_Rest', 'ATP5PO_Rest', 'TRMT61A_Rest', 'NSUN4_Rest', 'MIPEP_Rest', 'UQCRQ_Rest', 'ADAT3_Rest', 'MRPL43_Rest', 'POLRMT_Rest', 'MRPS27_Rest', 'LARS2_Rest', 'RNASEH1_Rest', 'COX10_Rest', 'MRPL42_Rest', 'ALDH18A1_Rest', 'CAD_Rest', 'SLC25A51_Rest', 'CRLS1_Rest', 'NPC2_Rest', 'ATP5MF_Rest', 'METTL1_Rest', 'PGS1_Rest', 'MRPL45_Rest', 'MRPL18_Rest', 'ISCA2_Rest', 'COX6C_Rest', 'MRPS2_Rest', 'PARS2_Rest', 'PDSS2_Rest', 'STXBP4_Rest', 'PKM_Rest', 'TFAM_Rest', 'MRPS7_Rest', 'SSBP1_Rest', 'UMPS_Rest', 'MRPS12_Rest', 'SLC7A11_Rest', 'HSD17B10_Rest', 'SCO1_Rest', 'COX5A_Rest', 'SCO2_Rest', 'COQ4_Rest', 'COX11_Rest', 'MRPS16_Rest', 'WARS2_Rest', 'MRPS24_Rest', 'MRPS35_Rest', 'MRPL39_Rest', 'SLC25A10_Rest', 'POLG_Rest', 'MYCN_Rest', 'COA7_Rest']"
12,14,tRNA Splicing Ligase Complex,"['RTRAF', 'FAM98B', 'DDX1']",0.14285714285714285,6.19586159436849e-06,5.0,3.0,21.0,CL:1269,"['ADAT2', 'PUS3', 'ADAT3', 'TRMT61A', 'TRMT6', 'METTL1']",0.2857142857142857,1.0392106772967207e-06,42.0,6.0,21.0,"tRNA modification in the nucleus and cytosol, and Pseudouridine synthase activity",KEGG_AMINOACYL_TRNA_BIOSYNTHESIS,"['GARS1', 'WARS1']",0.09523809523809523,0.051144873659026834,41.0,2.0,21.0,REACTOME_TRNA_PROCESSING,"['RTRAF', 'ADAT2', 'PUS3', 'ADAT3', 'LAGE3', 'FAM98B', 'TRMT61A', 'DDX1', 'TRMT6', 'METTL1']",0.47619047619047616,9.754869229659906e-09,112.0,10.0,21.0,FAM98B,"['RTRAF', 'FAM98B', 'DDX1']",0.14285714285714285,1.2320024584880307e-05,6.0,3.0,21.0,complex 1919,"['FAM98B', 'DDX1']",0.09523809523809523,7.699979466721422e-05,2.0,2.0,21.0,0.2771356049314421,22,21,"{'GARS1', 'SSB', 'EIF1', 'CDC123', 'AIFM1', 'ZNF703', 'RTRAF', 'WARS1', 'ADAT3', 'FAM98B', 'DDX1', 'METTL1', 'LAGE3', 'OXA1L', 'SLC7A11', 'ALDH18A1', 'ADAT2', 'PUS3', 'APEX1', 'TRMT61A', 'TRMT6'}",{13},1.0,21.0,0.0,"['FAM98B_Stim8hr', 'SSB_Stim8hr', 'RTRAF_Stim8hr', 'PUS3_Stim8hr', 'WARS1_Stim8hr', 'ALDH18A1_Stim8hr', 'LAGE3_Stim8hr', 'ADAT2_Stim8hr', 'OXA1L_Stim8hr', 'EIF1_Stim8hr', 'ADAT3_Stim8hr', 'PUS3_Rest', 'DDX1_Stim8hr', 'SLC7A11_Stim8hr', 'TRMT61A_Stim8hr', 'ZNF703_Stim8hr', 'CDC123_Stim8hr', 'GARS1_Stim8hr', 'AIFM1_Stim8hr', 'METTL1_Stim8hr', 'APEX1_Stim8hr', 'TRMT6_Stim8hr']"
13,15,"Elongator complex (ELP1, ELP2, ELP3, ELP4, ELP5, ELP6)","['ELP5', 'ELP3', 'ELP4', 'ELP1', 'ELP2']",0.38461538461538464,1.3340230092639e-11,6.0,5.0,13.0,CL:7614,"['KTI12', 'ELP5', 'ELP3', 'ELP4', 'MOCS3', 'ELP1', 'CTU1', 'ELP2', 'CTU2', 'URM1']",0.7692307692307693,1.4398023268800857e-23,12.0,10.0,13.0,tRNA wobble uridine modification,,,,,,,,REACTOME_HATS_ACETYLATE_HISTONES,"['ELP5', 'ELP3', 'ELP4', 'ELP1', 'ELP2']",0.38461538461538464,0.0006696469560878917,142.0,5.0,13.0,ELP3,"['KTI12', 'ELP5', 'ELP3', 'ELP4']",0.3076923076923077,2.0034580163851366e-08,7.0,4.0,13.0,complex 5724,"['URM1', 'CTU1']",0.15384615384615385,2.8599923733536712e-05,2.0,2.0,13.0,0.28426716948195424,33,13,"{'KTI12', 'ELP5', 'ELP3', 'NR2C2AP', 'ELP4', 'MOCS3', 'ELP1', 'DPM1', 'SLC39A6', 'CTU1', 'ELP2', 'CTU2', 'URM1'}",,11.0,13.0,9.0,"['CTU2_Stim8hr', 'ELP4_Stim8hr', 'MOCS3_Stim8hr', 'CTU2_Rest', 'ELP3_Stim8hr', 'SLC39A6_Stim8hr', 'ELP5_Stim8hr', 'ELP1_Stim8hr', 'ELP3_Rest', 'URM1_Stim8hr', 'SLC39A6_Stim48hr', 'DPM1_Rest', 'NR2C2AP_Stim8hr', 'ELP3_Stim48hr', 'KTI12_Rest', 'ELP2_Stim48hr', 'ELP2_Rest', 'ELP1_Stim48hr', 'NR2C2AP_Stim48hr', 'KTI12_Stim8hr', 'DPM1_Stim8hr', 'KTI12_Stim48hr', 'CTU1_Stim8hr', 'ELP2_Stim8hr', 'ELP1_Rest', 'ELP4_Rest', 'URM1_Rest', 'ELP5_Rest', 'CTU1_Rest', 'URM1_Stim48hr', 'ELP5_Stim48hr', 'SLC39A6_Rest', 'CTU1_Stim48hr']"
14,18,,,,,,,,,,,,,,,,,,,,,,,,,,,,,,DNAAF2,"['UBE3D', 'DNAAF2']",0.5,1.3184885859135197e-05,4.0,2.0,4.0,complex 13503,"['UBE3D', 'DNAAF2']",0.5,2.199994133348978e-06,2.0,2.0,4.0,0.2465060384367089,6,4,"{'UBE3D', 'DOP1A', 'DNAAF2', 'MRPS18B'}",,1.0,3.0,2.0,"['UBE3D_Stim48hr', 'DNAAF2_Stim8hr', 'UBE3D_Stim8hr', 'MRPS18B_Rest', 'DOP1A_Stim8hr', 'DOP1A_Stim48hr']"
15,20,PID complex,"['CHD4', 'MTA2']",0.6666666666666666,1.0990544813560017e-05,5.0,2.0,3.0,CL:5224,"['CHD4', 'MTA2']",0.6666666666666666,1.0990544813560017e-05,5.0,2.0,3.0,NuRD complex,,,,,,,,REACTOME_REGULATION_OF_TP53_ACTIVITY_THROUGH_ACETYLATION,"['CHD4', 'MTA2']",0.6666666666666666,0.0004746718276103448,30.0,2.0,3.0,MBD2,"['CHD4', 'MTA2']",0.6666666666666666,3.952071723352868e-05,9.0,2.0,3.0,,,,,,,,0.3004734384068028,5,3,"{'ZNF410', 'CHD4', 'MTA2'}",,3.0,2.0,0.0,"['ZNF410_Rest', 'CHD4_Stim8hr', 'MTA2_Stim8hr', 'MTA2_Rest', 'CHD4_Rest']"
16,22,CtBP core complex,"['RCOR1', 'CTBP1', 'KDM1A']",1.0,3.9588583376459764e-08,9.0,3.0,3.0,CL:5165,"['RCOR1', 'KDM1A']",0.6666666666666666,0.0014377649748718068,52.0,2.0,3.0,"Histone deacetylase complex, and Protein of unknown function DUF3504",,,,,,,,REACTOME_REGULATION_OF_PTEN_GENE_TRANSCRIPTION,"['RCOR1', 'KDM1A']",0.6666666666666666,0.001979070986401962,61.0,2.0,3.0,RCOR1,"['RCOR1', 'KDM1A']",0.6666666666666666,4.938675776213354e-05,10.0,2.0,3.0,complex 5196,"['RCOR1', 'KDM1A']",0.6666666666666666,1.099997066674489e-06,2.0,2.0,3.0,0.3683633502356595,9,3,"{'RCOR1', 'CTBP1', 'KDM1A'}",,3.0,3.0,3.0,"['CTBP1_Rest', 'CTBP1_Stim48hr', 'KDM1A_Stim48hr', 'RCOR1_Rest', 'KDM1A_Stim8hr', 'KDM1A_Rest', 'RCOR1_Stim8hr', 'CTBP1_Stim8hr', 'RCOR1_Stim48hr']"
17,23,,,,,,,,CL:31839,"['SAMD1', 'L3MBTL3']",0.6666666666666666,1.0990544813560017e-05,5.0,2.0,3.0,"mixed, incl. Neurolysin/Thimet oligopeptidase, N-terminal, and Scm-like with four MBT domains protein 1/2, SAM domain",,,,,,,,,,,,,,,SFMBT2,"['SAMD1', 'L3MBTL3']",0.6666666666666666,1.0990544813560017e-05,5.0,2.0,3.0,complex 17463,"['SAMD1', 'L3MBTL3']",0.6666666666666666,1.099997066674489e-06,2.0,2.0,3.0,0.2281945554732245,8,3,"{'SAMD1', 'L3MBTL3', 'LRRC25'}",,3.0,3.0,2.0,"['SAMD1_Rest', 'L3MBTL3_Rest', 'SAMD1_Stim8hr', 'LRRC25_Stim8hr', 'L3MBTL3_Stim8hr', 'L3MBTL3_Stim48hr', 'LRRC25_Rest', 'LRRC25_Stim48hr']"
18,25,"55S ribosome, mitochondrial","['MRPS35', 'MRPS9', 'MRPS15', 'MRPL2', 'MRPS23', 'MRPL18', 'MRPS11', 'MRPS12', 'MRPL11', 'MRPS27', 'MRPS5', 'MRPS25', 'MRPS17', 'MRPL3', 'MRPS21', 'MRPL10', 'MRPL16', 'MRPS16', 'MRPL42', 'MRPL45', 'MRPS18C', 'MRPL21', 'MRPL46', 'MRPL37', 'MRPS26', 'MRPL22', 'MRPL43', 'MRPL35', 'MRPL14', 'MRPS24', 'MRPS2']",0.2980769230769231,1.2914454150514107e-23,78.0,31.0,104.0,CL:562,"['MRPS35', 'MRPS9', 'MRPS15', 'MRPL2', 'MRPS23', 'MRPL18', 'MRPS11', 'MRPS12', 'MRPL11', 'MRPS27', 'MRPS5', 'MRPS25', 'GADD45GIP1', 'MRPS17', 'MRPL3', 'MRPS21', 'MRPL10', 'MRPL16', 'MRPS16', 'MRPL42', 'MRPL45', 'MRPS18C', 'MRPL21', 'MRPL46', 'MRPL37', 'MRPS26', 'MRPL22', 'MRPL43', 'MRPL35', 'MRPL14', 'MRPS24', 'MRPS2']",0.3076923076923077,4.229569772108148e-24,82.0,32.0,104.0,Mitochondrial translation initiation,KEGG_AMINOACYL_TRNA_BIOSYNTHESIS,"['LARS2', 'NARS2', 'VARS2', 'WARS2', 'EARS2', 'PARS2', 'TARS2']",0.0673076923076923,0.001821645943587614,41.0,7.0,104.0,REACTOME_MITOCHONDRIAL_TRANSLATION,"['MRPS35', 'MRPS9', 'MRPS15', 'MRPL2', 'MRPS23', 'MRPL18', 'MRPS11', 'MRPS12', 'MRPL11', 'MRPS27', 'MRPS5', 'MRPS25', 'GADD45GIP1', 'MRPS17', 'MRPL3', 'MRPL16', 'MRPL10', 'MRPS16', 'MRPS21', 'TUFM', 'MRPL42', 'MRPL45', 'MRPS18C', 'MRPL46', 'MRPL21', 'MRPL37', 'MRPS26', 'MRPL22', 'MRPL43', 'MRPL35', 'MRPL14', 'MRPS24', 'MRPS2']",0.3173076923076923,8.72843341350693e-23,96.0,33.0,104.0,MRPS21,"['MRPS21', 'MRPS11', 'MRPS16', 'MRPL35', 'MRPS9', 'RBFA', 'MRPS18C', 'MRPL21', 'MRPS2']",0.08653846153846154,1.696834651739983e-08,18.0,9.0,104.0,complex 155,"['COX5A', 'COX4I1']",0.019230769230769232,0.0019638614297028544,2.0,2.0,104.0,0.34251328155377925,104,104,"{'BCS1L', 'CYC1', 'LARS2', 'COA3', 'MRPS9', 'PNPT1', 'MRPS23', 'PARS2', 'MRPL18', 'UQCRQ', 'TWNK', 'KRT72', 'MRPL11', 'MRPS5', 'MRPS25', 'COX4I1', 'WARS2', 'MRPL37', 'MRPL22', 'MTERF3', 'COX11', 'RDH13', 'DGKZ', 'SSBP1', 'MYCN', 'HMBS', 'TFAM', 'MRPS12', 'PDSS1', 'COQ5', 'MRPS17', 'MRPL3', 'MRPS21', 'MRPL10', 'MRPL42', 'CAD', 'NSUN4', 'NARS2', 'RBFA', 'MRPL21', 'COX6B1', 'MRPS26', 'SLC25A10', 'COX6C', 'EARS2', 'MRPS24', 'SOD2', 'MRPS35', 'POLRMT', 'COX19', 'COX7C', 'MRPS15', 'MRPL2', 'TEFM', 'STXBP4', 'MRPS11', 'FAM161B', 'COQ6', 'COQ3', 'SLC25A26', 'POLG', 'MRPL16', 'TIMM8B', 'MRPS16', 'TUFM', 'COA5', 'MRPL45', 'SCO2', 'COX5A', 'QRSL1', 'MRPL35', 'MRPL14', 'COX15', 'SUPV3L1', 'LRPPRC', 'TARS2', 'MRPS2', 'PTCD2', 'UQCRC2', 'CTPS1', 'DHODH', 'COX17', 'CYCS', 'COQ4', 'SCO1', 'MRPS27', 'MIPEP', 'UQCRB', 'COA7', 'GADD45GIP1', 'POLG2', 'MTPAP', 'PDSS2', 'MRPS18C', 'MRPL46', 'HCCS', 'MRPL43', 'HSD17B10', 'VARS2', 'KAT14', 'UMPS', 'RTN4IP1', 'ZNF142', 'IMPDH2'}","{84, 13}",0.0,104.0,0.0,"['DGKZ_Stim8hr', 'SOD2_Stim8hr', 'PTCD2_Stim8hr', 'HCCS_Stim8hr', 'SCO1_Stim8hr', 'PNPT1_Stim8hr', 'MRPL10_Stim8hr', 'MRPS27_Stim8hr', 'CTPS1_Stim8hr', 'MRPS24_Stim8hr', 'COX19_Stim8hr', 'COX7C_Stim8hr', 'MYCN_Stim8hr', 'COX17_Stim8hr', 'COX4I1_Stim8hr', 'COX5A_Stim8hr', 'SLC25A26_Stim8hr', 'MRPS25_Stim8hr', 'KAT14_Stim8hr', 'MRPL35_Stim8hr', 'UMPS_Stim8hr', 'PDSS1_Stim8hr', 'MRPL21_Stim8hr', 'MRPL46_Stim8hr', 'SSBP1_Stim8hr', 'DHODH_Stim8hr', 'COX6C_Stim8hr', 'TIMM8B_Stim8hr', 'EARS2_Stim8hr', 'RTN4IP1_Stim8hr', 'MRPL11_Stim8hr', 'ZNF142_Stim8hr', 'MRPL3_Stim8hr', 'COA7_Stim8hr', 'HSD17B10_Stim8hr', 'RDH13_Stim8hr', 'MTPAP_Stim8hr', 'MRPL2_Stim8hr', 'MIPEP_Stim8hr', 'MRPL42_Stim8hr', 'MRPS23_Stim8hr', 'MRPL45_Stim8hr', 'IMPDH2_Stim8hr', 'MRPS5_Stim8hr', 'TUFM_Stim8hr', 'MTERF3_Stim8hr', 'CAD_Stim8hr', 'COQ3_Stim8hr', 'SCO2_Stim8hr', 'HMBS_Stim8hr', 'UQCRC2_Stim8hr', 'COX11_Stim8hr', 'VARS2_Stim8hr', 'MRPL43_Stim8hr', 'GADD45GIP1_Stim8hr', 'TFAM_Stim8hr', 'NSUN4_Stim8hr', 'MRPL14_Stim8hr', 'MRPL16_Stim8hr', 'WARS2_Stim8hr', 'COQ6_Stim8hr', 'QRSL1_Stim8hr', 'PARS2_Stim8hr', 'COQ4_Stim8hr', 'SLC25A10_Stim8hr', 'POLG_Stim8hr', 'TWNK_Stim8hr', 'COX6B1_Stim8hr', 'MRPS21_Stim8hr', 'MRPS18C_Stim8hr', 'RBFA_Stim8hr', 'TEFM_Stim8hr', 'MRPS11_Stim8hr', 'PDSS2_Stim8hr', 'LARS2_Stim8hr', 'MRPL37_Stim8hr', 'COA3_Stim8hr', 'SUPV3L1_Stim8hr', 'UQCRQ_Stim8hr', 'TARS2_Stim8hr', 'BCS1L_Stim8hr', 'MRPS17_Stim8hr', 'FAM161B_Stim8hr', 'MRPS16_Stim8hr', 'POLRMT_Stim8hr', 'NARS2_Stim8hr', 'COX15_Stim8hr', 'MRPS12_Stim8hr', 'MRPS35_Stim8hr', 'MRPS2_Stim8hr', 'CYC1_Stim8hr', 'MRPS26_Stim8hr', 'LRPPRC_Stim8hr', 'POLG2_Stim8hr', 'MRPS9_Stim8hr', 'STXBP4_Stim8hr', 'MRPL18_Stim8hr', 'COA5_Stim8hr', 'MRPS15_Stim8hr', 'KRT72_Stim8hr', 'CYCS_Stim8hr', 'UQCRB_Stim8hr', 'MRPL22_Stim8hr', 'COQ5_Stim8hr']"
19,27,PAGR1-PAXIP1 complex,"['PAXIP1', 'PAGR1']",0.6666666666666666,1.099997066674489e-06,2.0,2.0,3.0,CL:4998,"['PAXIP1', 'PAGR1']",0.6666666666666666,1.0990544813560017e-05,5.0,2.0,3.0,MLL3/4 complex,,,,,,,,REACTOME_FORMATION_OF_WDR5_CONTAINING_HISTONE_MODIFYING_COMPLEXES,"['PAXIP1', 'PAGR1']",0.6666666666666666,0.0009362765949505027,42.0,2.0,3.0,PAGR1,"['PAXIP1', 'PAGR1']",0.6666666666666666,3.2990486147049796e-06,3.0,2.0,3.0,complex 10986,"['PAXIP1', 'PAGR1']",0.6666666666666666,1.099997066674489e-06,2.0,2.0,3.0,0.33725794187053204,6,3,"{'PAXIP1', 'PAGR1', 'STAG2'}",,3.0,3.0,0.0,"['PAGR1_Rest', 'PAGR1_Stim8hr', 'STAG2_Stim8hr', 'PAXIP1_Stim8hr', 'STAG2_Rest', 'PAXIP1_Rest']"
20,28,IFNAR1-IFNAR2-TYK2 complex,"['IFNAR1', 'TYK2']",0.6666666666666666,3.2990486147049796e-06,3.0,2.0,3.0,CL:15942,"['IRF9', 'TYK2', 'IFNAR1']",1.0,8.334857807988432e-05,103.0,3.0,3.0,JAK-STAT signaling pathway,KEGG_JAK_STAT_SIGNALING_PATHWAY,"['IFNAR1', 'IRF9', 'TYK2']",1.0,0.00028686877229167144,155.0,3.0,3.0,REACTOME_INTERFERON_ALPHA_BETA_SIGNALING,"['IFNAR1', 'IRF9', 'TYK2']",1.0,3.585406034461371e-05,78.0,3.0,3.0,,,,,,,,,,,,,,,0.21083373484151613,6,3,"{'IRF9', 'TYK2', 'IFNAR1'}",,2.0,1.0,3.0,"['IRF9_Stim8hr', 'IRF9_Stim48hr', 'IFNAR1_Stim48hr', 'IRF9_Rest', 'TYK2_Rest', 'TYK2_Stim48hr']"
21,36,Ragulator-Rag complex,"['RRAGC', 'LAMTOR2', 'RRAGA', 'LAMTOR4', 'LAMTOR3']",0.45454545454545453,1.673683151383262e-11,7.0,5.0,11.0,CL:14569,"['RRAGC', 'MIOS', 'WDR24', 'LAMTOR2', 'WDR59', 'RRAGA', 'LAMTOR4', 'LAMTOR3']",0.7272727272727273,2.30641811465144e-14,28.0,8.0,11.0,Amino acids regulate mTORC1,KEGG_PROSTATE_CANCER,"['FOXO1', 'PTEN']",0.18181818181818182,0.06313636432016233,89.0,2.0,11.0,REACTOME_AMINO_ACIDS_REGULATE_MTORC1,"['RRAGC', 'MIOS', 'RPTOR', 'LAMTOR2', 'WDR24', 'WDR59', 'RRAGA', 'LAMTOR4', 'LAMTOR3']",0.8181818181818182,6.002404346549381e-14,55.0,9.0,11.0,RRAGC,"['RRAGC', 'RRAGA', 'WDR24', 'LAMTOR2']",0.36363636363636365,1.3300737278072257e-09,5.0,4.0,11.0,complex 3343,"['WDR59', 'WDR24']",0.18181818181818182,2.0166612889032297e-05,2.0,2.0,11.0,0.31639008950620423,11,11,"{'PTEN', 'RRAGC', 'MIOS', 'RPTOR', 'LAMTOR2', 'WDR24', 'WDR59', 'RRAGA', 'FOXO1', 'LAMTOR4', 'LAMTOR3'}","{67, 60}",0.0,11.0,0.0,"['LAMTOR3_Stim8hr', 'MIOS_Stim8hr', 'PTEN_Stim8hr', 'WDR59_Stim8hr', 'RPTOR_Stim8hr', 'FOXO1_Stim8hr', 'RRAGC_Stim8hr', 'LAMTOR4_Stim8hr', 'LAMTOR2_Stim8hr', 'RRAGA_Stim8hr', 'WDR24_Stim8hr']"
22,37,LAT-LCK-LCP2-PLCG1 complex,"['LCK', 'LAT', 'LCP2', 'PLCG1']",0.03225806451612903,7.580479607066242e-06,4.0,4.0,124.0,CL:15545,"['CD3E', 'LCK', 'CD3D', 'CD3G', 'CD247']",0.04032258064516129,2.2408878414410893e-06,6.0,5.0,124.0,"Alpha-beta T cell receptor complex, and Pneumocystosis",KEGG_T_CELL_RECEPTOR_SIGNALING_PATHWAY,"['CD3E', 'LCK', 'CD3D', 'ITK', 'PLCG1', 'CD3G', 'PTPRC', 'LCP2', 'CD28', 'ZAP70', 'PPP3R1', 'CD247', 'SOS2', 'BCL10', 'MALT1', 'VAV1', 'LAT']",0.13709677419354838,3.235641554915739e-05,108.0,17.0,124.0,REACTOME_GENERATION_OF_SECOND_MESSENGER_MOLECULES,"['CD3E', 'LCK', 'WAS', 'CD3D', 'ITK', 'PLCG1', 'CD3G', 'LCP2', 'ZAP70', 'CD247', 'LAT']",0.08870967741935484,2.8581986816683833e-06,39.0,11.0,124.0,CD3E,"['CD3E', 'CD3G', 'CD3D', 'CD247']",0.03225806451612903,0.00044867279243037485,8.0,4.0,124.0,complex 493,"['CD3E', 'CD247']",0.016129032258064516,0.0027961925434865508,2.0,2.0,124.0,0.3210510642922888,124,124,"{'TTC7A', 'MBD5', 'TLN1', 'CD2', 'PLIN4', 'ARPC2', 'MTA3', 'KCTD21', 'BLOC1S4', 'VPS29', 'PPP3R1', 'KAT6A', 'NABP1', 'ATP2A2', 'DNAJC8', 'MALT1', 'FBXW2', 'CHURC1', 'MTRES1', 'PGBD2', 'LCK', 'PLAT', 'TMEM205', 'NDFIP2', 'RAVER1', 'APPL2', 'DTX4', 'WAS', 'KIF16B', 'NCBP3', 'NUDCD1', 'BCL10', 'GPD1L', 'VAV1', 'ZFYVE26', 'CARMIL2', 'CDIPT', 'PLCG1', 'TMX1', 'AIRIM', 'ANKK1', 'ADRM1', 'HELT', 'CAMSAP1', 'RNF19B', 'SPATA33', 'LAT', 'ABCC1', 'UBIAD1', 'ARHGAP27', 'TBC1D31', 'SLC7A6', 'SYK', 'PLEK2', 'USP22', 'DCAF6', 'TBP', 'JADE2', 'TMED9', 'CD28', 'HACD4', 'BRWD1', 'CRIPT', 'TXNL1', 'LRBA', 'DCAF11', 'PHF19', 'BCAT2', 'RAC2', 'HEXD', 'ZNF790', 'VPS35', 'LRIG1', 'SRP14', 'PPP1R10', 'UBL7', 'ITK', 'DDX60L', 'ACO2', 'AKR1A1', 'FITM2', 'SACM1L', 'CD3E', 'HSD17B12', 'CD3G', 'SNAP29', 'CD247', 'ORAI1', 'PEX5', 'SKIC2', 'MBD2', 'ATXN7L3', 'FLVCR2', 'NFIX', 'ZBED3', 'RAB19', 'MCFD2', 'KPNA4', 'CD3D', 'PTPRC', 'TASOR', 'SOS2', 'ZSCAN23', 'TBX22', 'ABHD17A', 'EML2', 'CALCOCO2', 'SHOC2', 'ANKRD61', 'SPON1', 'ARID4B', 'LCP2', 'PGGT1B', 'RBM33', 'ZAP70', 'UBE2E2', 'CSH1', 'ORAI2', 'DEF6', 'GPRASP1', 'SLC3A2', 'TTF1', 'COG6', 'TXNDC12'}",{109},0.0,124.0,0.0,"['PLAT_Stim8hr', 'LCK_Stim8hr', 'PTPRC_Stim8hr', 'SKIC2_Stim8hr', 'TMX1_Stim8hr', 'SLC3A2_Stim8hr', 'UBE2E2_Stim8hr', 'LRBA_Stim8hr', 'HACD4_Stim8hr', 'CALCOCO2_Stim8hr', 'FITM2_Stim8hr', 'PGGT1B_Stim8hr', 'MTA3_Stim8hr', 'ITK_Stim8hr', 'APPL2_Stim8hr', 'GPRASP1_Stim8hr', 'NDFIP2_Stim8hr', 'PLEK2_Stim8hr', 'ARHGAP27_Stim8hr', 'MBD5_Stim8hr', 'EML2_Stim8hr', 'RAC2_Stim8hr', 'CAMSAP1_Stim8hr', 'RAB19_Stim8hr', 'DCAF11_Stim8hr', 'TMEM205_Stim8hr', 'SYK_Stim8hr', 'TXNDC12_Stim8hr', 'CRIPT_Stim8hr', 'UBL7_Stim8hr', 'CSH1_Stim8hr', 'DCAF6_Stim8hr', 'PPP3R1_Stim8hr', 'WAS_Stim8hr', 'PHF19_Stim8hr', 'ABCC1_Stim8hr', 'SHOC2_Stim8hr', 'FLVCR2_Stim8hr', 'BRWD1_Stim8hr', 'KIF16B_Stim8hr', 'SLC7A6_Stim8hr', 'ZSCAN23_Stim8hr', 'RAVER1_Stim8hr', 'TASOR_Stim8hr', 'ARID4B_Stim8hr', 'JADE2_Stim8hr', 'KCTD21_Stim8hr', 'ANKRD61_Stim8hr', 'MCFD2_Stim8hr', 'HSD17B12_Stim8hr', 'NFIX_Stim8hr', 'TBC1D31_Stim8hr', 'KAT6A_Stim8hr', 'PGBD2_Stim8hr', 'TLN1_Stim8hr', 'SNAP29_Stim8hr', 'DDX60L_Stim8hr', 'TBX22_Stim8hr', 'ARPC2_Stim8hr', 'ADRM1_Stim8hr', 'CDIPT_Stim8hr', 'ABHD17A_Stim8hr', 'NCBP3_Stim8hr', 'ORAI2_Stim8hr', 'TTC7A_Stim8hr', 'PPP1R10_Stim8hr', 'SPATA33_Stim8hr', 'KPNA4_Stim8hr', 'GPD1L_Stim8hr', 'PEX5_Stim8hr', 'TBP_Stim8hr', 'DEF6_Stim8hr', 'RBM33_Stim8hr', 'LRIG1_Stim8hr', 'TTF1_Stim8hr', 'DTX4_Stim8hr', 'AKR1A1_Stim8hr', 'RNF19B_Stim8hr', 'BLOC1S4_Stim8hr', 'TMED9_Stim8hr', 'TXNL1_Stim8hr', 'NABP1_Stim8hr', 'FBXW2_Stim8hr', 'ATP2A2_Stim8hr', 'MBD2_Stim8hr', 'HEXD_Stim8hr', 'CHURC1_Stim8hr', 'SOS2_Stim8hr', 'PLIN4_Stim8hr', 'VPS35_Stim8hr', 'UBIAD1_Stim8hr', 'ANKK1_Stim8hr', 'DNAJC8_Stim8hr', 'ORAI1_Stim8hr', 'COG6_Stim8hr', 'ACO2_Stim8hr', 'USP22_Stim8hr', 'NUDCD1_Stim8hr', 'ATXN7L3_Stim8hr', 'PLCG1_Stim8hr', 'CD247_Stim8hr', 'LCP2_Stim8hr', 'ZAP70_Stim8hr', 'CD3G_Stim8hr', 'VAV1_Stim8hr', 'ZBED3_Stim8hr', 'BCAT2_Stim8hr', 'CD3D_Stim8hr', 'CD3E_Stim8hr', 'LAT_Stim8hr', 'ZFYVE26_Stim8hr', 'MTRES1_Stim8hr', 'SPON1_Stim8hr', 'SACM1L_Stim8hr', 'VPS29_Stim8hr', 'CD2_Stim8hr', 'CD28_Stim8hr', 'BCL10_Stim8hr', 'HELT_Stim8hr', 'CARMIL2_Stim8hr', 'MALT1_Stim8hr', 'ZNF790_Stim8hr', 'AIRIM_Stim8hr', 'SRP14_Stim8hr']"
23,38,MLL2 complex,"['MEN1', 'PSIP1']",0.5,9.854780411662628e-05,10.0,2.0,4.0,CL:4760,"['H3-5', 'MEN1', 'PSIP1']",0.75,0.0006034162129733856,127.0,3.0,4.0,"Structural constituent of chromatin, and Histone H3-K4 methylation",,,,,,,,REACTOME_FORMATION_OF_WDR5_CONTAINING_HISTONE_MODIFYING_COMPLEXES,"['MEN1', 'PSIP1']",0.5,0.00185118276465686,42.0,2.0,4.0,PSIP1,"['MEN1', 'PSIP1']",0.5,6.596212058772985e-06,3.0,2.0,4.0,complex 2433,"['MEN1', 'PSIP1']",0.5,2.199994133348978e-06,2.0,2.0,4.0,0.2827921373236415,6,4,"{'H3-5', 'ARRDC4', 'PSIP1', 'MEN1'}",,2.0,4.0,0.0,"['ARRDC4_Rest', 'MEN1_Stim8hr', 'H3-5_Stim8hr', 'ARRDC4_Stim8hr', 'PSIP1_Rest', 'PSIP1_Stim8hr']"
24,39,FOSB-JUND-SMAD3-SMAD4 complex,"['JUND', 'SMAD3']",0.06666666666666667,0.0009417562959124645,4.0,2.0,30.0,CL:22847,"['CABP5', 'PDLIM2']",0.06666666666666667,0.03141189590482579,22.0,2.0,30.0,"Filamentous actin, and EF-hand, Ca insensitive",KEGG_MAPK_SIGNALING_PATHWAY,"['RASGRP1', 'JUND']",0.06666666666666667,0.8739233806463691,267.0,2.0,30.0,REACTOME_SMAD2_SMAD3_SMAD4_HETEROTRIMER_REGULATES_TRANSCRIPTION,"['CCNC', 'SMAD3']",0.06666666666666667,0.07672612484247136,36.0,2.0,30.0,,,,,,,,,,,,,,,0.2588132235918105,30,30,"{'CABP5', 'RCBTB1', 'CIP2A', 'PDLIM2', 'AK3', 'SLAMF7', 'DEK', 'IL12RB2', 'PIGN', 'C8orf33', 'CCNC', 'WRN', 'ZCWPW1', 'NIPBL', 'ADAM19', 'EXTL2', 'LTB4R', 'HDHD3', 'RAB11FIP1', 'HSD17B13', 'GNG11', 'PXMP4', 'SMAD3', 'ZNF92', 'RASGRP1', 'ALKBH2', 'ARMC8', 'CACHD1', 'JUND', 'MFHAS1'}",{92},0.0,30.0,0.0,"['PXMP4_Stim8hr', 'EXTL2_Stim8hr', 'CABP5_Stim8hr', 'C8orf33_Stim8hr', 'RAB11FIP1_Stim8hr', 'IL12RB2_Stim8hr', 'ADAM19_Stim8hr', 'AK3_Stim8hr', 'ZNF92_Stim8hr', 'DEK_Stim8hr', 'SLAMF7_Stim8hr', 'PDLIM2_Stim8hr', 'SMAD3_Stim8hr', 'GNG11_Stim8hr', 'RASGRP1_Stim8hr', 'PIGN_Stim8hr', 'ZCWPW1_Stim8hr', 'ARMC8_Stim8hr', 'ALKBH2_Stim8hr', 'CCNC_Stim8hr', 'JUND_Stim8hr', 'HDHD3_Stim8hr', 'CACHD1_Stim8hr', 'MFHAS1_Stim8hr', 'CIP2A_Stim8hr', 'WRN_Stim8hr', 'LTB4R_Stim8hr', 'NIPBL_Stim8hr', 'RCBTB1_Stim8hr', 'HSD17B13_Stim8hr']"
25,40,AUP1-OS9-SEL1L-UBC6e-UBXD8 complex,"['SEL1L', 'FAF2']",0.058823529411764705,0.002001150389806925,5.0,2.0,34.0,CL:28645,"['ALG8', 'ALG6', 'DOLPP1', 'ALG3', 'MPI', 'PMM2']",0.17647058823529413,1.1222104612252586e-06,26.0,6.0,34.0,"Oligosaccharide-lipid intermediate biosynthetic process, and Synthesis of GDP-mannose",KEGG_N_GLYCAN_BIOSYNTHESIS,"['ALG6', 'ALG8', 'DOLPP1', 'ALG3', 'GANAB']",0.14705882352941177,0.0004308314494148718,46.0,5.0,34.0,REACTOME_BIOSYNTHESIS_OF_THE_N_GLYCAN_PRECURSOR_DOLICHOL_LIPID_LINKED_OLIGOSACCHARIDE_LLO_AND_TRANSFER_TO_A_NASCENT_PROTEIN,"['ALG6', 'ALG8', 'DOLPP1', 'ALG3', 'MPI', 'PMM2']",0.17647058823529413,0.0008343015863682731,80.0,6.0,34.0,UFM1,"['UFM1', 'UFL1', 'DDRGK1']",0.08823529411764706,2.764293631147137e-05,5.0,3.0,34.0,complex 3137,"['UFL1', 'DDRGK1']",0.058823529411764705,0.00020569945146812945,2.0,2.0,34.0,0.26215242044022286,57,34,"{'KDELR2', 'DOLPP1', 'DNAJB9', 'MANF', 'SEL1L', 'MPI', 'MIA2', 'PDIA6', 'XRRA1', 'GANAB', 'ALG8', 'ALG3', 'GPI', 'DNAJB11', 'TRAPPC13', 'P4HB', 'MYO9A', 'SEC63', 'SLC35B1', 'USO1', 'THAP5', 'UFL1', 'FAM220A', 'TMEM186', 'UFM1', 'ZNF554', 'ALG6', 'TRIB2', 'FAF2', 'TMED10', 'DDRGK1', 'PMM2', 'UBE2G2', 'GRIN3A'}",,22.0,26.0,9.0,"['ALG6_Rest', 'DNAJB11_Rest', 'FAM220A_Stim8hr', 'UFL1_Rest', 'GRIN3A_Stim8hr', 'ZNF554_Rest', 'GPI_Stim8hr', 'FAF2_Stim8hr', 'PDIA6_Rest', 'DOLPP1_Stim8hr', 'DNAJB9_Rest', 'KDELR2_Stim8hr', 'ZNF554_Stim48hr', 'TMED10_Stim8hr', 'KDELR2_Rest', 'MPI_Stim8hr', 'MPI_Rest', 'USO1_Rest', 'SEC63_Stim48hr', 'TRAPPC13_Stim8hr', 'TMEM186_Stim8hr', 'ALG3_Stim8hr', 'DOLPP1_Rest', 'SEL1L_Stim48hr', 'MYO9A_Stim8hr', 'P4HB_Stim8hr', 'UFM1_Rest', 'THAP5_Rest', 'MYO9A_Rest', 'DDRGK1_Rest', 'DNAJB9_Stim48hr', 'UBE2G2_Stim8hr', 'DNAJB11_Stim48hr', 'P4HB_Stim48hr', 'PDIA6_Stim8hr', 'XRRA1_Rest', 'ALG6_Stim8hr', 'GANAB_Stim8hr', 'SLC35B1_Rest', 'SEC63_Rest', 'MANF_Rest', 'ZNF554_Stim8hr', 'P4HB_Rest', 'USO1_Stim8hr', 'TRIB2_Stim8hr', 'FAF2_Rest', 'FAF2_Stim48hr', 'SEC63_Stim8hr', 'SLC35B1_Stim8hr', 'MIA2_Stim48hr', 'ALG8_Rest', 'ALG8_Stim8hr', 'SEL1L_Stim8hr', 'XRRA1_Stim8hr', 'PDIA6_Stim48hr', 'PMM2_Stim8hr', 'SEL1L_Rest']"
26,42,,,,,,,,,,,,,,,,,,,,,,,,,,,,,,,,,,,,,,,,,,,,0.27446231193202186,7,3,"{'UBE2I', 'PCNX3', 'UBR1'}",,3.0,2.0,2.0,"['UBE2I_Stim48hr', 'UBR1_Stim48hr', 'UBE2I_Stim8hr', 'UBR1_Stim8hr', 'UBR1_Rest', 'PCNX3_Rest', 'UBE2I_Rest']"
27,43,,,,,,,,CL:7638,"['DPH1', 'DPH5', 'DPH6']",0.5,9.40767839349884e-08,5.0,3.0,6.0,Peptidyl-diphthamide metabolic process,,,,,,,,REACTOME_SYNTHESIS_OF_DIPHTHAMIDE_EEF2,"['DNAJC24', 'DPH1', 'DPH5', 'DPH6']",0.6666666666666666,8.461207399432046e-10,8.0,4.0,6.0,DPH2,"['DNAJC24', 'DPH1']",0.3333333333333333,1.648110429374759e-05,3.0,2.0,6.0,complex 3346,"['DNAJC24', 'DPH1']",0.3333333333333333,5.4999853333724445e-06,2.0,2.0,6.0,0.2920145481835042,6,6,"{'DPH1', 'DPH5', 'TPT1', 'DPH6', 'TTC4', 'DNAJC24'}",{79},0.0,6.0,0.0,"['DPH6_Stim8hr', 'DNAJC24_Stim8hr', 'TPT1_Stim8hr', 'TTC4_Stim8hr', 'DPH1_Stim8hr', 'DPH5_Stim8hr']"
28,44,DMAP1-associated complex,"['BRD8', 'EPC1']",0.5,9.854780411662628e-05,10.0,2.0,4.0,CL:5020,"['BRD8', 'EPC1']",0.5,9.854780411662628e-05,10.0,2.0,4.0,Histone H2A acetylation,,,,,,,,REACTOME_HATS_ACETYLATE_HISTONES,"['BRD8', 'EPC1']",0.5,0.020302067898857985,142.0,2.0,4.0,KANSL2,"['BRD8', 'EPC1']",0.5,7.888338557482917e-05,9.0,2.0,4.0,,,,,,,,0.3097377444433208,8,4,"{'KIF20A', 'ZRSR2', 'BRD8', 'EPC1'}",,3.0,4.0,1.0,"['EPC1_Stim48hr', 'KIF20A_Rest', 'BRD8_Rest', 'ZRSR2_Stim8hr', 'EPC1_Stim8hr', 'EPC1_Rest', 'KIF20A_Stim8hr', 'BRD8_Stim8hr']"
29,45,,,,,,,,CL:17472,"['INSR', 'LAT2']",0.11764705882352941,0.06099096758746629,56.0,2.0,17.0,"mixed, incl. GPVI-mediated activation cascade, and Insulin receptor binding",,,,,,,,REACTOME_STRIATED_MUSCLE_CONTRACTION,"['VIM', 'TNNC1']",0.11764705882352941,0.027163683266072904,36.0,2.0,17.0,,,,,,,,,,,,,,,0.24175512757177908,21,17,"{'SHLD1', 'SLC4A7', 'ZMYM2', 'INSR', 'ZNF649', 'SEC14L2', 'NSUN2', 'PIK3R4', 'DAP', 'CFAP298', 'HPS1', 'TNNC1', 'IL21', 'ATM', 'VIM', 'SMIM7', 'LAT2'}","{78, 55}",1.0,17.0,3.0,"['SMIM7_Stim8hr', 'SHLD1_Stim8hr', 'NSUN2_Stim8hr', 'ATM_Stim8hr', 'NSUN2_Rest', 'VIM_Stim8hr', 'LAT2_Stim8hr', 'ZNF649_Stim8hr', 'DAP_Stim8hr', 'SEC14L2_Stim8hr', 'CFAP298_Stim8hr', 'NSUN2_Stim48hr', 'PIK3R4_Stim8hr', 'ATM_Stim48hr', 'IL21_Stim8hr', 'HPS1_Stim8hr', 'ZMYM2_Stim8hr', 'SHLD1_Stim48hr', 'SLC4A7_Stim8hr', 'TNNC1_Stim8hr', 'INSR_Stim8hr']"
30,46,ING2 complex,"['BRMS1', 'SAP130']",1.0,2.8599923733536712e-05,13.0,2.0,2.0,CL:5169,"['BRMS1', 'SAP130']",1.0,6.96664808893843e-05,20.0,2.0,2.0,Sin3 complex,,,,,,,,REACTOME_CHROMATIN_ORGANIZATION,"['BRMS1', 'SAP130']",1.0,0.0150483265377959,287.0,2.0,2.0,,,,,,,,,,,,,,,0.3686108790954674,6,2,"{'BRMS1', 'SAP130'}",,2.0,2.0,2.0,"['BRMS1_Stim48hr', 'BRMS1_Rest', 'BRMS1_Stim8hr', 'SAP130_Rest', 'SAP130_Stim8hr', 'SAP130_Stim48hr']"
31,52,TSC1-TSC2 complex,"['TSC1', 'TSC2']",0.4,3.6666568889149627e-06,2.0,2.0,5.0,CL:14567,"['DEPDC5', 'NPRL3', 'TSC2', 'TSC1']",0.8,1.2558099127816325e-06,54.0,4.0,5.0,"Amino acids regulate mTORC1, and TORC2 complex",KEGG_MTOR_SIGNALING_PATHWAY,"['TSC1', 'TSC2']",0.4,0.004656939040965814,52.0,2.0,5.0,REACTOME_ENERGY_DEPENDENT_REGULATION_OF_MTOR_BY_LKB1_AMPK,"['TSC1', 'TSC2']",0.4,0.0014545076847861471,29.0,2.0,5.0,,,,,,,,,,,,,,,0.402347860172498,5,5,"{'DEPDC5', 'NPRL3', 'TSC1', 'TSC2', 'CYB561D2'}",,5.0,0.0,0.0,"['TSC2_Rest', 'CYB561D2_Rest', 'TSC1_Rest', 'DEPDC5_Rest', 'NPRL3_Rest']"
32,53,,,,,,,,CL:3465,"['UBA5', 'UFM1', 'UFL1', 'DDRGK1']",0.4444444444444444,3.545170829983488e-09,7.0,4.0,9.0,Protein ufmylation,,,,,,,,REACTOME_ANTIGEN_PROCESSING_UBIQUITINATION_PROTEASOME_DEGRADATION,"['UBA5', 'UFL1']",0.2222222222222222,0.3173284151018167,295.0,2.0,9.0,UFM1,"['UBA5', 'UFM1', 'UFL1', 'DDRGK1']",0.4444444444444444,5.08195607767285e-10,5.0,4.0,9.0,complex 1943,"['UBA5', 'UFM1']",0.2222222222222222,1.3199964800093867e-05,2.0,2.0,9.0,0.3994515371884803,9,9,"{'DEGS1', 'UFL1', 'ACAD11', 'DDRGK1', 'UBA5', 'MAP3K13', 'PHOSPHO2', 'TGDS', 'UFM1'}",{40},0.0,9.0,0.0,"['PHOSPHO2_Stim8hr', 'ACAD11_Stim8hr', 'UFL1_Stim8hr', 'MAP3K13_Stim8hr', 'DDRGK1_Stim8hr', 'TGDS_Stim8hr', 'UBA5_Stim8hr', 'UFM1_Stim8hr', 'DEGS1_Stim8hr']"
33,54,,,,,,,,CL:8466,"['PDHA1', 'ACLY', 'DLAT', 'MDH2', 'PDHB', 'CS']",0.8571428571428571,9.949085041717597e-10,56.0,6.0,7.0,"Citrate cycle (TCA cycle), and Pyruvate metabolism",KEGG_CITRATE_CYCLE_TCA_CYCLE,"['PDHA1', 'ACLY', 'DLAT', 'MDH2', 'PDHB', 'CS']",0.8571428571428571,2.8017587978305835e-11,32.0,6.0,7.0,REACTOME_PDH_COMPLEX_SYNTHESIZES_ACETYL_COA_FROM_PYR,"['PDHA1', 'PDHB', 'DLAT']",0.42857142857142855,3.28633498950585e-07,6.0,3.0,7.0,DLAT,"['PDHA1', 'PDHB', 'DLAT']",0.42857142857142855,3.28633498950585e-07,6.0,3.0,7.0,complex 7121,"['PDHA1', 'PDHB']",0.2857142857142857,7.699979466721424e-06,2.0,2.0,7.0,0.35490879919166685,7,7,"{'SLC25A1', 'PDHA1', 'ACLY', 'DLAT', 'MDH2', 'PDHB', 'CS'}",,0.0,0.0,7.0,"['SLC25A1_Stim48hr', 'PDHB_Stim48hr', 'MDH2_Stim48hr', 'DLAT_Stim48hr', 'PDHA1_Stim48hr', 'CS_Stim48hr', 'ACLY_Stim48hr']"
34,55,MDC1-MRN-ATM-FANCD2 complex,"['ATM', 'RAD50']",0.07142857142857142,0.0020179767009407797,6.0,2.0,28.0,CL:6195,"['ATM', 'RAD50']",0.07142857142857142,0.008492272714721277,12.0,2.0,28.0,"BRCA1-C complex, and NIPBL role in DNA damage - Cornelia de Lange syndrome",KEGG_COMPLEMENT_AND_COAGULATION_CASCADES,"['CFD', 'VWF']",0.07142857142857142,0.1995333895592055,69.0,2.0,28.0,REACTOME_SENSING_OF_DNA_DOUBLE_STRAND_BREAKS,"['ATM', 'RAD50']",0.07142857142857142,0.0020179767009407797,6.0,2.0,28.0,,,,,,,,,,,,,,,0.256609502748244,28,28,"{'SIRT7', 'RHOF', 'PIK3R4', 'FHL1', 'FBXL3', 'APBB1IP', 'CFD', 'CLCC1', 'CFAP298', 'ATM', 'ZNF81', 'TMEM86A', 'IPO11', 'HSDL2', 'DCAKD', 'NAPB', 'DDTL', 'ZNF154', 'H2BC10', 'ZNF613', 'MTERF2', 'PCBP2', 'RAD50', 'VWF', 'IFFO2', 'ZMAT1', 'EFHD2', 'LAT2'}","{78, 66, 86}",28.0,0.0,0.0,"['RHOF_Rest', 'H2BC10_Rest', 'IFFO2_Rest', 'APBB1IP_Rest', 'DDTL_Rest', 'DCAKD_Rest', 'ZNF154_Rest', 'SIRT7_Rest', 'CFD_Rest', 'NAPB_Rest', 'ATM_Rest', 'FHL1_Rest', 'PIK3R4_Rest', 'HSDL2_Rest', 'LAT2_Rest', 'TMEM86A_Rest', 'IPO11_Rest', 'VWF_Rest', 'CFAP298_Rest', 'ZNF613_Rest', 'ZMAT1_Rest', 'ZNF81_Rest', 'EFHD2_Rest', 'RAD50_Rest', 'PCBP2_Rest', 'MTERF2_Rest', 'FBXL3_Rest', 'CLCC1_Rest']"
35,56,,,,,,,,CL:11063,"['ATP5F1B', 'ATPAF2']",0.16666666666666666,0.21365056048899747,169.0,2.0,12.0,"Respiratory electron transport, ATP synthesis by chemiosmotic coupling, and heat production by uncoupling proteins., and Cytochrome complex",,,,,,,,,,,,,,,ATP5F1A,"['ATPAF2', 'ATP5F1B']",0.16666666666666666,0.00014437133766864035,4.0,2.0,12.0,,,,,,,,0.22050901996375474,12,12,"{'ATP5F1B', 'TRIB2', 'ZBTB8OS', 'CYB5D1', 'FAM110A', 'HELZ', 'RNF115', 'PTRH2', 'PPP1R15B', 'NOP53', 'ATPAF2', 'SAP30'}",,12.0,0.0,0.0,"['NOP53_Rest', 'RNF115_Rest', 'ATPAF2_Rest', 'PTRH2_Rest', 'PPP1R15B_Rest', 'ATP5F1B_Rest', 'SAP30_Rest', 'ZBTB8OS_Rest', 'FAM110A_Rest', 'CYB5D1_Rest', 'HELZ_Rest', 'TRIB2_Rest']"
36,57,CDYL-complex,"['WIZ', 'EHMT2', 'EHMT1']",0.75,1.5804889222818098e-07,9.0,3.0,4.0,CL:5448,"['WIZ', 'EHMT2', 'ZNF644', 'EHMT1']",1.0,4.0402285404506506e-12,5.0,4.0,4.0,"Histone-lysine N-methyltransferase EHMT1/EHMT2, and crotonyl-CoA hydratase activity",KEGG_LYSINE_DEGRADATION,"['EHMT2', 'EHMT1']",0.5,0.0020315891293547156,44.0,2.0,4.0,REACTOME_REGULATION_OF_TP53_ACTIVITY_THROUGH_METHYLATION,"['EHMT2', 'EHMT1']",0.5,0.0003725549320637127,19.0,2.0,4.0,,,,,,,,,,,,,,,0.3919741543100012,7,4,"{'WIZ', 'EHMT2', 'ZNF644', 'EHMT1'}",,3.0,4.0,0.0,"['EHMT2_Stim8hr', 'WIZ_Stim8hr', 'ZNF644_Rest', 'EHMT1_Rest', 'EHMT2_Rest', 'EHMT1_Stim8hr', 'ZNF644_Stim8hr']"
37,58,,,,,,,,CL:18504,"['DUSP12', 'ATF4']",0.07407407407407407,0.051582955586839105,32.0,2.0,27.0,"mixed, incl. Basic region leucin zipper, and Early growth response, N-terminal",KEGG_NUCLEOTIDE_EXCISION_REPAIR,"['ERCC4', 'LIG1']",0.07407407407407407,0.09044707835937973,44.0,2.0,27.0,REACTOME_TRANSCRIPTION_COUPLED_NUCLEOTIDE_EXCISION_REPAIR_TC_NER,"['ERCC4', 'LIG1']",0.07407407407407407,0.21851840465360828,76.0,2.0,27.0,TBPL1,"['GPS2', 'YEATS2']",0.07407407407407407,0.002607672944449325,7.0,2.0,27.0,complex 17560,"['GPS2', 'ATF4']",0.07407407407407407,0.0001286996568009152,2.0,2.0,27.0,0.3097654108279899,27,27,"{'A2M', 'LIG1', 'DNAJC2', 'DUSP12', 'ERCC4', 'ATF4', 'NAF1', 'SLC25A22', 'L2HGDH', 'OTUD1', 'YEATS2', 'TP73', 'GPS2', 'NCR3', 'LMTK2', 'PPM1D', 'PRKAR1A', 'PDCD2L', 'CEP89', 'RIDA', 'SKA2', 'VEZT', 'GDAP2', 'UROS', 'MED15', 'PTK6', 'CCNF'}",{96},0.0,27.0,0.0,"['LMTK2_Stim8hr', 'DUSP12_Stim8hr', 'NAF1_Stim8hr', 'DNAJC2_Stim8hr', 'L2HGDH_Stim8hr', 'NCR3_Stim8hr', 'RIDA_Stim8hr', 'PRKAR1A_Stim8hr', 'CCNF_Stim8hr', 'A2M_Stim8hr', 'GDAP2_Stim8hr', 'MED15_Stim8hr', 'LIG1_Stim8hr', 'SKA2_Stim8hr', 'YEATS2_Stim8hr', 'TP73_Stim8hr', 'GPS2_Stim8hr', 'ERCC4_Stim8hr', 'CEP89_Stim8hr', 'PDCD2L_Stim8hr', 'UROS_Stim8hr', 'VEZT_Stim8hr', 'OTUD1_Stim8hr', 'PPM1D_Stim8hr', 'ATF4_Stim8hr', 'SLC25A22_Stim8hr', 'PTK6_Stim8hr']"
38,60,Ragulator-Rag complex,"['LAMTOR5', 'RRAGC', 'LAMTOR2', 'RRAGA', 'LAMTOR4', 'LAMTOR3']",0.4,1.5572136945770764e-13,7.0,6.0,15.0,CL:14569,"['LAMTOR5', 'RRAGC', 'MIOS', 'WDR24', 'LAMTOR2', 'WDR59', 'RRAGA', 'LAMTOR4', 'LAMTOR3']",0.6,5.883846123687106e-15,28.0,9.0,15.0,Amino acids regulate mTORC1,,,,,,,,REACTOME_AMINO_ACIDS_REGULATE_MTORC1,"['LAMTOR5', 'RRAGC', 'MIOS', 'RPTOR', 'LAMTOR2', 'WDR24', 'WDR59', 'RRAGA', 'LAMTOR4', 'LAMTOR3']",0.6666666666666666,6.145018162928592e-14,55.0,10.0,15.0,LAMTOR2,"['LAMTOR5', 'RRAGC', 'LAMTOR2', 'RRAGA', 'LAMTOR3']",0.3333333333333333,1.2878111979870718e-09,10.0,5.0,15.0,complex 302,"['LAMTOR3', 'LAMTOR5']",0.13333333333333333,3.849989733360711e-05,2.0,2.0,15.0,0.3283005710434405,15,15,"{'VPS18', 'LAMTOR5', 'TMEM214', 'RRAGC', 'VPS35', 'MIOS', 'VPS29', 'RPTOR', 'LAMTOR2', 'WDR24', 'WDR59', 'RRAGA', 'LAMTOR4', 'VPS41', 'LAMTOR3'}","{67, 36}",0.0,0.0,15.0,"['RRAGA_Stim48hr', 'RPTOR_Stim48hr', 'VPS35_Stim48hr', 'VPS18_Stim48hr', 'LAMTOR4_Stim48hr', 'LAMTOR3_Stim48hr', 'MIOS_Stim48hr', 'WDR59_Stim48hr', 'TMEM214_Stim48hr', 'VPS29_Stim48hr', 'LAMTOR2_Stim48hr', 'VPS41_Stim48hr', 'LAMTOR5_Stim48hr', 'WDR24_Stim48hr', 'RRAGC_Stim48hr']"
39,61,,,,,,,,CL:4414,"['DCAF16', 'DET1']",0.02857142857142857,0.12907433448988767,21.0,2.0,70.0,Cul4-RING E3 ubiquitin ligase complex,KEGG_RIG_I_LIKE_RECEPTOR_SIGNALING_PATHWAY,"['TRAF3', 'ATG12']",0.02857142857142857,0.6361217721153714,71.0,2.0,70.0,REACTOME_RHO_GTPASES_ACTIVATE_ROCKS,"['MYH9', 'PAK1']",0.02857142857142857,0.10913698432291223,19.0,2.0,70.0,RAC1,"['PKN1', 'PAK1']",0.02857142857142857,0.07229667516930371,15.0,2.0,70.0,,,,,,,,0.26772169943291924,70,70,"{'BRK1', 'GPR15', 'DET1', 'ECHS1', 'EOLA1', 'ZNF93', 'ATG12', 'PKN1', 'NPHP4', 'RWDD2B', 'NKX6-3', 'TRAF3', 'CKLF-CMTM1', 'MMP9', 'ABCC1', 'EIF1AX', 'PRAM1', 'TENT2', 'ABHD13', 'ANKAR', 'RNF181', 'KRCC1', 'MTMR3', 'SIK2', 'ENDOG', 'TIA1', 'ATP2A2', 'MAN2A1', 'DIS3L2', 'GZMB', 'ZNF618', 'LRP2BP', 'MYT1L', 'SLC17A5', 'PAK1', 'KBTBD2', 'NFKBIL1', 'MYH9', 'AP1S2', 'PARP14', 'CCDC138', 'PPDPF', 'EDC3', 'ATP1B3', 'SPTBN1', 'TMEM205', 'THAP11', 'DCAF16', 'KAT7', 'CUL3', 'SAC3D1', 'TBC1D10A', 'ZNF630', 'CUEDC2', 'GPATCH3', 'NCAM1', 'FBXO38', 'TIMM10', 'SLC5A6', 'CRYZL1', 'SPSB2', 'COG6', 'NCAPG2', 'HMGA1', 'PHF19', 'LAMP1', 'RAD54L2', 'NAA30', 'FAM229A', 'ULK4'}",{66},70.0,0.0,0.0,"['ECHS1_Rest', 'MYT1L_Rest', 'NAA30_Rest', 'CUEDC2_Rest', 'KBTBD2_Rest', 'EIF1AX_Rest', 'CUL3_Rest', 'FBXO38_Rest', 'NCAPG2_Rest', 'ATP1B3_Rest', 'THAP11_Rest', 'PAK1_Rest', 'ZNF630_Rest', 'SLC5A6_Rest', 'CKLF-CMTM1_Rest', 'PRAM1_Rest', 'TENT2_Rest', 'NFKBIL1_Rest', 'ABCC1_Rest', 'MYH9_Rest', 'CCDC138_Rest', 'LRP2BP_Rest', 'SPSB2_Rest', 'GPR15_Rest', 'ATG12_Rest', 'LAMP1_Rest', 'COG6_Rest', 'ZNF93_Rest', 'RNF181_Rest', 'SLC17A5_Rest', 'DET1_Rest', 'AP1S2_Rest', 'PKN1_Rest', 'PPDPF_Rest', 'MMP9_Rest', 'TRAF3_Rest', 'DCAF16_Rest', 'ENDOG_Rest', 'EOLA1_Rest', 'KRCC1_Rest', 'TIA1_Rest', 'PARP14_Rest', 'EDC3_Rest', 'GPATCH3_Rest', 'NPHP4_Rest', 'RWDD2B_Rest', 'TMEM205_Rest', 'ATP2A2_Rest', 'GZMB_Rest', 'MAN2A1_Rest', 'MTMR3_Rest', 'HMGA1_Rest', 'NKX6-3_Rest', 'PHF19_Rest', 'DIS3L2_Rest', 'RAD54L2_Rest', 'CRYZL1_Rest', 'NCAM1_Rest', 'SAC3D1_Rest', 'FAM229A_Rest', 'ABHD13_Rest', 'TBC1D10A_Rest', 'SIK2_Rest', 'ULK4_Rest', 'BRK1_Rest', 'ANKAR_Rest', 'ZNF618_Rest', 'TIMM10_Rest', 'SPTBN1_Rest', 'KAT7_Rest']"
40,63,,,,,,,,CL:17811,"['WASF2', 'DOCK2']",0.4,0.03829968550777291,155.0,2.0,5.0,"mixed, incl. Regulation of actin dynamics for phagocytic cup formation, and CDC42 GTPase cycle",KEGG_FC_GAMMA_R_MEDIATED_PHAGOCYTOSIS,"['WASF2', 'DOCK2']",0.4,0.015413030349400256,96.0,2.0,5.0,REACTOME_RAC2_GTPASE_CYCLE,"['WASF2', 'DOCK2']",0.4,0.013029599760713854,88.0,2.0,5.0,,,,,,,,,,,,,,,0.40578358012405835,5,5,"{'CSK', 'SRSF11', 'WASF2', 'RASAL3', 'DOCK2'}",{74},5.0,0.0,0.0,"['RASAL3_Rest', 'SRSF11_Rest', 'DOCK2_Rest', 'CSK_Rest', 'WASF2_Rest']"
41,65,,,,,,,,,,,,,,,,,,,,,,,REACTOME_NEUTROPHIL_DEGRANULATION,"['TMEM30A', 'B4GALT1']",0.3333333333333333,0.3560130065828315,478.0,2.0,6.0,,,,,,,,,,,,,,,0.21908370403228236,6,6,"{'B4GALT1', 'CASP3', 'SIRT7', 'ZNF607', 'MARK2', 'TMEM30A'}",,0.0,6.0,0.0,"['SIRT7_Stim8hr', 'TMEM30A_Stim8hr', 'ZNF607_Stim8hr', 'CASP3_Stim8hr', 'MARK2_Stim8hr', 'B4GALT1_Stim8hr']"
42,66,,,,,,,,CL:4409,"['TESPA1', 'DET1']",0.028985507246376812,0.34307230866091115,41.0,2.0,69.0,"Cul4-RING E3 ubiquitin ligase complex, and Signalosome",KEGG_ALLOGRAFT_REJECTION,"['HLA-DOA', 'GZMB']",0.028985507246376812,0.2990389911061711,37.0,2.0,69.0,REACTOME_VITAMIN_B5_PANTOTHENATE_METABOLISM,"['DCAKD', 'SLC5A6']",0.028985507246376812,0.1161809503954455,20.0,2.0,69.0,ITM2A,"['HLA-DOA', 'ITM2A']",0.028985507246376812,0.011946219694217398,6.0,2.0,69.0,complex 15463,"['HLA-DOA', 'ITM2A']",0.028985507246376812,0.0008601977061394505,2.0,2.0,69.0,0.3209644616972471,69,69,"{'NDUFS8', 'ATL1', 'GPR15', 'DET1', 'EOLA1', 'WDR54', 'ZNF93', 'ZNF177', 'RHOF', 'RWDD2B', 'NPHP4', 'MAP3K1', 'ATG12', 'RPP25L', 'SCRN3', 'ITM2A', 'ATP5MC1', 'MMP9', 'EIF1AX', 'TENT2', 'ANKAR', 'PRAM1', 'FHL1', 'KRCC1', 'FBXL3', 'SIK2', 'MTMR3', 'ENDOG', 'GALK2', 'CLCC1', 'DIS3L2', 'TIA1', 'CRTAP', 'STOM', 'KPNA1', 'GZMB', 'LRP2BP', 'SLC17A5', 'EGR3', 'PAK1', 'NFKBIL1', 'AP1S2', 'HSDL2', 'BCL11B', 'DCAKD', 'PARP14', 'CCDC138', 'DRAP1', 'DEFA6', 'PPDPF', 'EDC3', 'TESPA1', 'SPTBN1', 'ATF7IP2', 'SAC3D1', 'ZNF154', 'H2BC10', 'PCBP2', 'TIMM10', 'SLC5A6', 'CRYZL1', 'SPSB2', 'NCAPG2', 'HLA-DOA', 'RAD54L2', 'FAM229A', 'POLR2K', 'ULK4', 'ZMAT1'}",{61},0.0,69.0,0.0,"['SLC5A6_Stim8hr', 'RAD54L2_Stim8hr', 'FHL1_Stim8hr', 'CLCC1_Stim8hr', 'ITM2A_Stim8hr', 'GALK2_Stim8hr', 'ENDOG_Stim8hr', 'H2BC10_Stim8hr', 'TIMM10_Stim8hr', 'PARP14_Stim8hr', 'DRAP1_Stim8hr', 'STOM_Stim8hr', 'NCAPG2_Stim8hr', 'ATF7IP2_Stim8hr', 'PAK1_Stim8hr', 'MMP9_Stim8hr', 'AP1S2_Stim8hr', 'TENT2_Stim8hr', 'ZNF154_Stim8hr', 'ULK4_Stim8hr', 'ATL1_Stim8hr', 'RWDD2B_Stim8hr', 'DIS3L2_Stim8hr', 'SAC3D1_Stim8hr', 'FAM229A_Stim8hr', 'POLR2K_Stim8hr', 'CRTAP_Stim8hr', 'HLA-DOA_Stim8hr', 'WDR54_Stim8hr', 'SLC17A5_Stim8hr', 'EOLA1_Stim8hr', 'ZMAT1_Stim8hr', 'EDC3_Stim8hr', 'PCBP2_Stim8hr', 'ZNF93_Stim8hr', 'TIA1_Stim8hr', 'DEFA6_Stim8hr', 'GPR15_Stim8hr', 'EIF1AX_Stim8hr', 'ATP5MC1_Stim8hr', 'PPDPF_Stim8hr', 'NFKBIL1_Stim8hr', 'ANKAR_Stim8hr', 'PRAM1_Stim8hr', 'RHOF_Stim8hr', 'BCL11B_Stim8hr', 'SPSB2_Stim8hr', 'TESPA1_Stim8hr', 'ZNF177_Stim8hr', 'DET1_Stim8hr', 'LRP2BP_Stim8hr', 'HSDL2_Stim8hr', 'NPHP4_Stim8hr', 'SPTBN1_Stim8hr', 'KRCC1_Stim8hr', 'SIK2_Stim8hr', 'MAP3K1_Stim8hr', 'CRYZL1_Stim8hr', 'ATG12_Stim8hr', 'RPP25L_Stim8hr', 'DCAKD_Stim8hr', 'EGR3_Stim8hr', 'NDUFS8_Stim8hr', 'FBXL3_Stim8hr', 'KPNA1_Stim8hr', 'GZMB_Stim8hr', 'CCDC138_Stim8hr', 'MTMR3_Stim8hr', 'SCRN3_Stim8hr']"
43,67,Ragulator-Rag complex,"['RRAGC', 'LAMTOR3', 'RRAGA', 'LAMTOR2']",0.4444444444444444,3.545170829983488e-09,7.0,4.0,9.0,CL:14567,"['RRAGC', 'MIOS', 'RPTOR', 'LAMTOR2', 'WDR59', 'RRAGA', 'LAMTOR3']",0.7777777777777778,8.242819310388032e-11,54.0,7.0,9.0,"Amino acids regulate mTORC1, and TORC2 complex",KEGG_PROSTATE_CANCER,"['FOXO1', 'PTEN']",0.2222222222222222,0.04340998444069654,89.0,2.0,9.0,REACTOME_AMINO_ACIDS_REGULATE_MTORC1,"['RRAGC', 'MIOS', 'RPTOR', 'LAMTOR2', 'WDR59', 'RRAGA', 'LAMTOR3']",0.7777777777777778,9.437674812000144e-11,55.0,7.0,9.0,LAMTOR2,"['RRAGC', 'LAMTOR3', 'RRAGA', 'LAMTOR2']",0.4444444444444444,2.1161631476279962e-08,10.0,4.0,9.0,complex 4012,"['MIOS', 'WDR59']",0.2222222222222222,1.3199964800093867e-05,2.0,2.0,9.0,0.29172607718282806,9,9,"{'PTEN', 'RRAGC', 'MIOS', 'RPTOR', 'LAMTOR2', 'WDR59', 'RRAGA', 'FOXO1', 'LAMTOR3'}","{36, 60}",9.0,0.0,0.0,"['RPTOR_Rest', 'RRAGC_Rest', 'PTEN_Rest', 'MIOS_Rest', 'RRAGA_Rest', 'WDR59_Rest', 'FOXO1_Rest', 'LAMTOR3_Rest', 'LAMTOR2_Rest']"
44,68,,,,,,,,,,,,,,,,,,,,,,,,,,,,,,,,,,,,,,,,,,,,0.22905035354661954,7,7,"{'PDLIM2', 'HSD17B13', 'ZNF76', 'DEK', 'LZTS1', 'ADAM19', 'PPCDC'}","{92, 39}",0.0,0.0,7.0,"['ADAM19_Stim48hr', 'HSD17B13_Stim48hr', 'DEK_Stim48hr', 'LZTS1_Stim48hr', 'ZNF76_Stim48hr', 'PDLIM2_Stim48hr', 'PPCDC_Stim48hr']"
45,69,ER membrane protein complex (EMC8),"['EMC6', 'EMC4', 'MMGT1', 'EMC7']",0.3076923076923077,7.167945603192993e-08,9.0,4.0,13.0,CL:1721,"['EMC7', 'EMC4', 'MMGT1', 'EMC6']",0.3076923076923077,8.612852773841783e-09,6.0,4.0,13.0,EMC complex,,,,,,,,REACTOME_TRANSPORT_OF_SMALL_MOLECULES,"['MBTPS1', 'MMGT1']",0.15384615384615385,0.9447490514898325,722.0,2.0,13.0,EMC3,"['EMC7', 'EMC4', 'EMC6']",0.23076923076923078,1.3392440937099587e-06,5.0,3.0,13.0,complex 3260,"['EMC6', 'EMC4']",0.15384615384615385,2.8599923733536712e-05,2.0,2.0,13.0,0.2768950641607881,13,13,"{'PLEKHA5', 'CD5', 'EMC4', 'ZNF574', 'MMGT1', 'EIF3L', 'RRM2B', 'BLZF1', 'EMC7', 'MBTPS1', 'EMC6', 'NKX2-3', 'ARHGAP30'}",,0.0,0.0,13.0,"['ZNF574_Stim48hr', 'NKX2-3_Stim48hr', 'RRM2B_Stim48hr', 'PLEKHA5_Stim48hr', 'BLZF1_Stim48hr', 'EMC7_Stim48hr', 'ARHGAP30_Stim48hr', 'MBTPS1_Stim48hr', 'EIF3L_Stim48hr', 'CD5_Stim48hr', 'EMC4_Stim48hr', 'EMC6_Stim48hr', 'MMGT1_Stim48hr']"
46,72,INSR-SNX1 complex,"['INSR', 'SNX1']",0.010471204188481676,0.0066531489249362,2.0,2.0,191.0,CL:32299,"['SEC14L2', 'FAM83F']",0.010471204188481676,0.05639375353332136,5.0,2.0,191.0,"mixed, incl. Essential tremor 5, and Glioma pathogenesis-related protein 1-like, SCP domain",KEGG_GLYCOSYLPHOSPHATIDYLINOSITOL_GPI_ANCHOR_BIOSYNTHESIS,"['PIGH', 'PIGF']",0.010471204188481676,0.6190086655911664,25.0,2.0,191.0,REACTOME_N_GLYCAN_TRIMMING_AND_ELONGATION_IN_THE_CIS_GOLGI,"['MANEA', 'MAN1A2']",0.010471204188481676,0.05639375353332136,5.0,2.0,191.0,ETNK1,"['ETNK1', 'MIA3']",0.010471204188481676,0.01888194450675981,3.0,2.0,191.0,complex 16523,"['ETNK1', 'MIA3']",0.010471204188481676,0.0066531489249362,2.0,2.0,191.0,0.4168133575508726,191,191,"{'MVB12B', 'PIK3C2B', 'PIP', 'C1orf115', 'ZNF304', 'PPP1R12C', 'NUDT19', 'GNA13', 'CBFA2T2', 'DLG4', 'PACSIN2', 'CHMP1A', 'SEC24A', 'NR2E1', 'RXRB', 'ZNF512B', 'DENND2D', 'BLZF1', 'CD2BP2', 'CKAP4', 'DOP1B', 'SP100', 'HIP1R', 'TEP1', 'DNAJC4', 'CRTC2', 'GNLY', 'GEN1', 'ARF1', 'PIGF', 'MOV10', 'LRP6', 'SNPH', 'C6orf62', 'SLC35A2', 'ABHD12', 'FLT1', 'ZNF70', 'ARNT', 'GABARAPL1', 'CCR10', 'FEM1A', 'GGA3', 'AVPR2', 'ZSWIM4', 'CAV1', 'IMPG2', 'ZNF653', 'HSD11B2', 'COX5B', 'EFHC1', 'SUPT3H', 'CCR4', 'LENG8', 'TRIM39', 'AHR', 'TBC1D14', 'SAMD4B', 'USP13', 'GZF1', 'APOBEC3G', 'EPB41L3', 'STK35', 'TMED4', 'ZCCHC4', 'INPP5K', 'TP53', 'INSR', 'RHOC', 'SBF1', 'LYRM2', 'TMEM265', 'ZW10', 'PRSS21', 'PPIF', 'SNX1', 'DYNC2H1', 'MIA3', 'HSPBAP1', 'CKAP2L', 'FKBP2', 'TNS1', 'ARHGAP30', 'CARD6', 'TMEM245', 'TMEM184B', 'PDK1', 'NACC2', 'FBXL15', 'PRDX3', 'BPNT1', 'HNF4A', 'CWC27', 'ADNP2', 'C1orf21', 'TMEM87B', 'SRF', 'CRY1', 'SH3D21', 'CAVIN2', 'ATXN1L', 'MOB1A', 'C1orf216', 'ISG15', 'RASA4B', 'SLC35C2', 'SURF1', 'GBA1', 'PIGH', 'NEK1', 'UBL3', 'TPD52L1', 'ACSL6', 'NKX2-8', 'CTSF', 'TWF1', 'ZBTB9', 'IL9', 'DEFA6', 'SP140L', 'SOCS5', 'NMRAL1', 'ZNF221', 'UHRF1', 'CDC34', 'STIP1', 'ZMYM2', 'FAM83F', 'WTAP', 'PHGR1', 'ADCY4', 'PIAS1', 'ZNF18', 'CFAP97', 'ETNK1', 'ST7L', 'FAM3C', 'ZNF165', 'CDC25B', 'BARX1', 'WASHC4', 'MCAT', 'ZNF662', 'IL23R', 'STK19', 'BAZ1A', 'HOXC10', 'ORMDL2', 'PHACTR4', 'SRD5A3', 'PTCH1', 'MANEA', 'IMPA2', 'ZNF549', 'TRUB1', 'SEMA4C', 'PRRT2', 'KLF15', 'NFAT5', 'TRIM2', 'NEB', 'HYKK', 'MAN1A2', 'ZNF518A', 'SLC27A3', 'DRAP1', 'ZNF148', 'TIGAR', 'NLRX1', 'ZHX1-C8orf76', 'NDUFA10', 'KRBA2', 'CEP57', 'ATP2B1', 'CEP43', 'TTC39C', 'TAOK2', 'UBXN1', 'DCTPP1', 'SEC14L2', 'AMER1', 'FAM89B', 'STARD10', 'PPP6R2', 'LPCAT3', 'TMEM30A', 'CEP104', 'SLC35D2', 'AP4M1', 'DNAH3', 'PBX2'}",,191.0,0.0,0.0,"['WTAP_Rest', 'PIGF_Rest', 'ZNF221_Rest', 'ST7L_Rest', 'ZSWIM4_Rest', 'COX5B_Rest', 'IL9_Rest', 'C1orf216_Rest', 'LRP6_Rest', 'SLC35C2_Rest', 'NFAT5_Rest', 'TMEM30A_Rest', 'DENND2D_Rest', 'RASA4B_Rest', 'ADNP2_Rest', 'SEC24A_Rest', 'GNLY_Rest', 'ARNT_Rest', 'AHR_Rest', 'CEP104_Rest', 'ZCCHC4_Rest', 'LPCAT3_Rest', 'FAM89B_Rest', 'NUDT19_Rest', 'PRSS21_Rest', 'ATP2B1_Rest', 'CFAP97_Rest', 'KRBA2_Rest', 'CBFA2T2_Rest', 'GGA3_Rest', 'GNA13_Rest', 'ZNF549_Rest', 'TNS1_Rest', 'CAV1_Rest', 'NKX2-8_Rest', 'ZNF518A_Rest', 'C6orf62_Rest', 'PIGH_Rest', 'PTCH1_Rest', 'MCAT_Rest', 'PRRT2_Rest', 'RXRB_Rest', 'PPIF_Rest', 'SLC35D2_Rest', 'ARHGAP30_Rest', 'SLC35A2_Rest', 'ZNF662_Rest', 'HOXC10_Rest', 'CCR10_Rest', 'PBX2_Rest', 'RHOC_Rest', 'BARX1_Rest', 'MVB12B_Rest', 'TP53_Rest', 'SLC27A3_Rest', 'TAOK2_Rest', 'PIK3C2B_Rest', 'APOBEC3G_Rest', 'SEC14L2_Rest', 'TPD52L1_Rest', 'PPP1R12C_Rest', 'CARD6_Rest', 'ETNK1_Rest', 'SP100_Rest', 'C1orf21_Rest', 'SNX1_Rest', 'FBXL15_Rest', 'STARD10_Rest', 'IMPG2_Rest', 'PRDX3_Rest', 'ZBTB9_Rest', 'HYKK_Rest', 'ZNF304_Rest', 'SUPT3H_Rest', 'DNAJC4_Rest', 'ZNF512B_Rest', 'DLG4_Rest', 'CKAP4_Rest', 'SBF1_Rest', 'ZNF653_Rest', 'BLZF1_Rest', 'HIP1R_Rest', 'ZHX1-C8orf76_Rest', 'TRUB1_Rest', 'SEMA4C_Rest', 'ABHD12_Rest', 'ZNF18_Rest', 'TMED4_Rest', 'KLF15_Rest', 'EFHC1_Rest', 'GABARAPL1_Rest', 'CD2BP2_Rest', 'CCR4_Rest', 'TMEM87B_Rest', 'CEP43_Rest', 'MANEA_Rest', 'PIP_Rest', 'NACC2_Rest', 'SOCS5_Rest', 'TBC1D14_Rest', 'ACSL6_Rest', 'ATXN1L_Rest', 'AVPR2_Rest', 'TMEM245_Rest', 'TIGAR_Rest', 'IL23R_Rest', 'HSD11B2_Rest', 'DYNC2H1_Rest', 'CAVIN2_Rest', 'AMER1_Rest', 'TMEM184B_Rest', 'SH3D21_Rest', 'NMRAL1_Rest', 'TWF1_Rest', 'DOP1B_Rest', 'DCTPP1_Rest', 'STK35_Rest', 'IMPA2_Rest', 'LYRM2_Rest', 'SRF_Rest', 'SURF1_Rest', 'NEK1_Rest', 'STK19_Rest', 'ZNF70_Rest', 'WASHC4_Rest', 'NLRX1_Rest', 'UHRF1_Rest', 'MOB1A_Rest', 'FKBP2_Rest', 'ISG15_Rest', 'CDC34_Rest', 'TRIM2_Rest', 'ZNF148_Rest', 'GEN1_Rest', 'CRY1_Rest', 'HSPBAP1_Rest', 'LENG8_Rest', 'C1orf115_Rest', 'NDUFA10_Rest', 'TMEM265_Rest', 'USP13_Rest', 'ZW10_Rest', 'PDK1_Rest', 'TRIM39_Rest', 'AP4M1_Rest', 'DNAH3_Rest', 'PHACTR4_Rest', 'PIAS1_Rest', 'UBL3_Rest', 'MOV10_Rest', 'BAZ1A_Rest', 'INSR_Rest', 'ARF1_Rest', 'CWC27_Rest', 'CKAP2L_Rest', 'CDC25B_Rest', 'SNPH_Rest', 'GBA1_Rest', 'NR2E1_Rest', 'FLT1_Rest', 'DRAP1_Rest', 'PPP6R2_Rest', 'TEP1_Rest', 'GZF1_Rest', 'BPNT1_Rest', 'ORMDL2_Rest', 'MAN1A2_Rest', 'DEFA6_Rest', 'PACSIN2_Rest', 'STIP1_Rest', 'HNF4A_Rest', 'INPP5K_Rest', 'EPB41L3_Rest', 'ZNF165_Rest', 'FEM1A_Rest', 'FAM3C_Rest', 'NEB_Rest', 'SRD5A3_Rest', 'FAM83F_Rest', 'PHGR1_Rest', 'TTC39C_Rest', 'SAMD4B_Rest', 'MIA3_Rest', 'ZMYM2_Rest', 'CHMP1A_Rest', 'CRTC2_Rest', 'SP140L_Rest', 'ADCY4_Rest', 'UBXN1_Rest', 'CEP57_Rest', 'CTSF_Rest']"
47,73,,,,,,,,CL:35432,"['INIP', 'INTS6']",0.03389830508474576,0.14741213475320852,27.0,2.0,59.0,Integrator complex,KEGG_COLORECTAL_CANCER,"['MYC', 'RAC2', 'RAF1']",0.05084745762711865,0.2048022514695415,62.0,3.0,59.0,REACTOME_RHOU_GTPASE_CYCLE,"['MYO6', 'PARD6A']",0.03389830508474576,0.26799231433273674,40.0,2.0,59.0,SPOP,"['SPOP', 'TOPORS']",0.03389830508474576,0.008813966937672446,6.0,2.0,59.0,,,,,,,,0.2604016909842477,59,59,"{'ICOS', 'ZBED5', 'FOXS1', 'SLC25A3', 'PARD6A', 'GGACT', 'SPSB3', 'RCN1', 'MMP28', 'THRA', 'ZC3H12A', 'METRN', 'DYNLT2B', 'TOPORS', 'MYO6', 'KDM4A', 'IL21', 'FADS1', 'RAF1', 'UBE2V2', 'HOXB4', 'BRD10', 'INIP', 'MTG2', 'SPOP', 'ERGIC3', 'MYC', 'ATP8B1', 'JOSD2', 'NPEPPS', 'HOXB13', 'GNMT', 'ARHGAP45', 'CASK', 'PHF3', 'INTS6', 'WNT9A', 'ANKZF1', 'ACSS1', 'RARB', 'PRXL2B', 'ANKLE2', 'STAP1', 'CMTR1', 'AIP', 'ETV2', 'NPAS2', 'PRCP', 'FBXO32', 'DESI1', 'DVL1', 'AHSA1', 'ZSCAN25', 'EI24', 'PPP1R1A', 'RAC2', 'HES4', 'MAU2', 'AP3D1'}",,59.0,0.0,0.0,"['RARB_Rest', 'ARHGAP45_Rest', 'ZBED5_Rest', 'NPAS2_Rest', 'STAP1_Rest', 'HES4_Rest', 'DYNLT2B_Rest', 'ZC3H12A_Rest', 'AHSA1_Rest', 'PRXL2B_Rest', 'ETV2_Rest', 'SLC25A3_Rest', 'PHF3_Rest', 'MYC_Rest', 'TOPORS_Rest', 'MYO6_Rest', 'ERGIC3_Rest', 'BRD10_Rest', 'INTS6_Rest', 'HOXB4_Rest', 'FOXS1_Rest', 'PPP1R1A_Rest', 'ANKZF1_Rest', 'EI24_Rest', 'AIP_Rest', 'MTG2_Rest', 'DVL1_Rest', 'FADS1_Rest', 'METRN_Rest', 'PARD6A_Rest', 'SPOP_Rest', 'RAC2_Rest', 'PRCP_Rest', 'RCN1_Rest', 'GGACT_Rest', 'ICOS_Rest', 'GNMT_Rest', 'MAU2_Rest', 'INIP_Rest', 'HOXB13_Rest', 'DESI1_Rest', 'AP3D1_Rest', 'KDM4A_Rest', 'ZSCAN25_Rest', 'CASK_Rest', 'RAF1_Rest', 'WNT9A_Rest', 'FBXO32_Rest', 'ATP8B1_Rest', 'UBE2V2_Rest', 'MMP28_Rest', 'THRA_Rest', 'ACSS1_Rest', 'JOSD2_Rest', 'ANKLE2_Rest', 'CMTR1_Rest', 'IL21_Rest', 'SPSB3_Rest', 'NPEPPS_Rest']"
48,74,AHR-ARNT complex,"['AHR', 'ARNT']",0.0425531914893617,0.0003963656096917075,2.0,2.0,47.0,CL:17818,"['WASF2', 'NCKAP1L']",0.0425531914893617,0.019416128642904703,11.0,2.0,47.0,SCAR complex,KEGG_FC_GAMMA_R_MEDIATED_PHAGOCYTOSIS,"['WASF2', 'DOCK2']",0.0425531914893617,0.5831990470834305,96.0,2.0,47.0,REACTOME_ARYL_HYDROCARBON_RECEPTOR_SIGNALLING,"['AHR', 'ARNT']",0.0425531914893617,0.005646225902491885,6.0,2.0,47.0,CHMP1A,"['CHMP1A', 'IST1']",0.0425531914893617,0.0011738128081358538,3.0,2.0,47.0,complex 3897,"['ABI3', 'WASF2']",0.0425531914893617,0.0003963656096917075,2.0,2.0,47.0,0.2507255336316519,47,47,"{'MVB12B', 'CAB39', 'APOBEC3B', 'FEM1A', 'ECHS1', 'TRAK1', 'RCN1', 'NUDT19', 'DLG4', 'CHMP1A', 'FADS1', 'SLC39A13', 'HOXB4', 'RNF181', 'CCR4', 'PHF20L1', 'AHR', 'GNMT', 'ARHGAP45', 'HIP1R', 'ARHGEF5', 'TEP1', 'DPF1', 'LSM11', 'ARIH1', 'IST1', 'EPB41L3', 'NRBP1', 'TMED4', 'EZH2', 'ARF1', 'NCKAP1L', 'ABI3', 'PFDN6', 'RIPK1', 'STIP1', 'LRP6', 'LPCAT3', 'LYRM2', 'WASF2', 'ZCCHC17', 'DOCK2', 'NAA30', 'FKBP2', 'ARHGAP30', 'CDC25B', 'ARNT'}",{72},0.0,47.0,0.0,"['LSM11_Stim8hr', 'FEM1A_Stim8hr', 'NRBP1_Stim8hr', 'APOBEC3B_Stim8hr', 'ARIH1_Stim8hr', 'CHMP1A_Stim8hr', 'FKBP2_Stim8hr', 'TRAK1_Stim8hr', 'FADS1_Stim8hr', 'ARHGEF5_Stim8hr', 'LYRM2_Stim8hr', 'ZCCHC17_Stim8hr', 'DLG4_Stim8hr', 'TEP1_Stim8hr', 'NAA30_Stim8hr', 'RNF181_Stim8hr', 'DOCK2_Stim8hr', 'MVB12B_Stim8hr', 'ARNT_Stim8hr', 'SLC39A13_Stim8hr', 'GNMT_Stim8hr', 'PFDN6_Stim8hr', 'STIP1_Stim8hr', 'AHR_Stim8hr', 'IST1_Stim8hr', 'ARHGAP30_Stim8hr', 'PHF20L1_Stim8hr', 'RCN1_Stim8hr', 'CCR4_Stim8hr', 'ARF1_Stim8hr', 'LPCAT3_Stim8hr', 'LRP6_Stim8hr', 'TMED4_Stim8hr', 'ARHGAP45_Stim8hr', 'CDC25B_Stim8hr', 'WASF2_Stim8hr', 'RIPK1_Stim8hr', 'EPB41L3_Stim8hr', 'HIP1R_Stim8hr', 'NCKAP1L_Stim8hr', 'CAB39_Stim8hr', 'EZH2_Stim8hr', 'DPF1_Stim8hr', 'NUDT19_Stim8hr', 'ABI3_Stim8hr', 'ECHS1_Stim8hr', 'HOXB4_Stim8hr']"
49,75,,,,,,,,CL:4318,"['FBXL15', 'UBXN1']",0.4,0.05424355148767873,187.0,2.0,5.0,"cullin-RING ubiquitin ligase complex, and Protein neddylation",,,,,,,,REACTOME_POST_TRANSLATIONAL_PROTEIN_MODIFICATION,"['FBXL15', 'UBXN1']",0.4,0.9393677471525336,1491.0,2.0,5.0,,,,,,,,,,,,,,,0.3701796920289938,5,5,"{'FBXL15', 'UBXN1', 'CCDC12', 'KRBA2', 'DNAH3'}","{72, 78}",0.0,5.0,0.0,"['UBXN1_Stim8hr', 'CCDC12_Stim8hr', 'KRBA2_Stim8hr', 'FBXL15_Stim8hr', 'DNAH3_Stim8hr']"
50,77,MAU2-NIPBL complex,"['MAU2', 'NIPBL']",0.01818181818181818,0.00219816080490452,2.0,2.0,110.0,CL:14354,"['ATG14', 'ATG101', 'RB1CC1']",0.02727272727272727,0.012710233205101062,11.0,3.0,110.0,"SARS-CoV-2 replication organelle formation, and Atg1/ULK1 kinase complex",KEGG_THYROID_CANCER,"['RXRB', 'TP53', 'RXRG']",0.02727272727272727,0.1534758156068204,29.0,3.0,110.0,REACTOME_RUNX3_REGULATES_CDKN1A_TRANSCRIPTION,"['TP53', 'SMAD3']",0.01818181818181818,0.03951371484524922,7.0,2.0,110.0,ATG13,"['ATG14', 'ATG101', 'ATG9A']",0.02727272727272727,0.0018319008692314355,6.0,3.0,110.0,,,,,,,,0.260078318248144,110,110,"{'GDF11', 'RIC8B', 'NEK3', 'KIF22', 'ZC3H12A', 'TM2D1', 'SEC24A', 'PARK7', 'RXRB', 'GCN1', 'DOP1B', 'NSUN6', 'HSP90B1', 'NRBP1', 'FKBP8', 'ZSWIM9', 'MOV10', 'BPNT2', 'SP3', 'DSEL', 'ATP13A3', 'RTKN2', 'B4GALNT3', 'EIF3K', 'CTH', 'GGA3', 'IREB2', 'PMPCB', 'THRA', 'HMGB3', 'RIC8A', 'DDIT4', 'C6orf120', 'UBE2V2', 'PTPN1', 'JOSD2', 'SERGEF', 'RASL11A', 'DHX40', 'RP9', 'CSK', 'LSM11', 'HNRNPD', 'WNT9A', 'H2AC17', 'BMP8A', 'DCK', 'UTP23', 'PFDN4', 'STOML1', 'CBFB', 'TP53', 'PRSS21', 'FABP6', 'SETD7', 'PDCL', 'FKBP2', 'BZW2', 'ZNF641', 'SMPD1', 'LBH', 'GOLGA8N', 'CDK5RAP3', 'ZNF219', 'BBX', 'GNAS', 'ATG9A', 'DAPK2', 'AKR1C1', 'RB1CC1', 'RPL29', 'ACYP2', 'H3C11', 'TPD52L1', 'REEP3', 'ARL1', 'SMAD3', 'ATG101', 'GOLGA8A', 'SBDS', 'NEMF', 'ST7L', 'SLC25A27', 'ARID2', 'CHD2', 'FN3K', 'HOXC10', 'ZNF785', 'INSIG1', 'RAF1', 'SCAPER', 'FRS3', 'ZNF160', 'TMEM33', 'NIPBL', 'ZCWPW1', 'ATG14', 'PRR12', 'ZNF655', 'ITPR1', 'PRIMPOL', 'RIPK1', 'LRRC8A', 'PLEC', 'RHBDF2', 'PALS1', 'SLTM', 'RXRG', 'ADCY4', 'MAU2'}",,0.0,0.0,110.0,"['CHD2_Stim48hr', 'FKBP8_Stim48hr', 'HOXC10_Stim48hr', 'SMPD1_Stim48hr', 'RHBDF2_Stim48hr', 'PFDN4_Stim48hr', 'HSP90B1_Stim48hr', 'TMEM33_Stim48hr', 'GCN1_Stim48hr', 'DDIT4_Stim48hr', 'RASL11A_Stim48hr', 'RIPK1_Stim48hr', 'SMAD3_Stim48hr', 'NEK3_Stim48hr', 'NSUN6_Stim48hr', 'SLTM_Stim48hr', 'FRS3_Stim48hr', 'ATG9A_Stim48hr', 'WNT9A_Stim48hr', 'PMPCB_Stim48hr', 'MAU2_Stim48hr', 'UTP23_Stim48hr', 'REEP3_Stim48hr', 'PRR12_Stim48hr', 'ADCY4_Stim48hr', 'ZSWIM9_Stim48hr', 'BZW2_Stim48hr', 'CDK5RAP3_Stim48hr', 'FKBP2_Stim48hr', 'ZNF655_Stim48hr', 'H3C11_Stim48hr', 'RIC8A_Stim48hr', 'HMGB3_Stim48hr', 'ZNF785_Stim48hr', 'SCAPER_Stim48hr', 'RP9_Stim48hr', 'AKR1C1_Stim48hr', 'ST7L_Stim48hr', 'LBH_Stim48hr', 'NRBP1_Stim48hr', 'GGA3_Stim48hr', 'DSEL_Stim48hr', 'RXRG_Stim48hr', 'SP3_Stim48hr', 'LRRC8A_Stim48hr', 'DHX40_Stim48hr', 'ZNF219_Stim48hr', 'ATG101_Stim48hr', 'ZNF641_Stim48hr', 'PLEC_Stim48hr', 'IREB2_Stim48hr', 'SETD7_Stim48hr', 'ITPR1_Stim48hr', 'GNAS_Stim48hr', 'DOP1B_Stim48hr', 'PRSS21_Stim48hr', 'NEMF_Stim48hr', 'PARK7_Stim48hr', 'FN3K_Stim48hr', 'ARID2_Stim48hr', 'RTKN2_Stim48hr', 'HNRNPD_Stim48hr', 'SEC24A_Stim48hr', 'DCK_Stim48hr', 'RB1CC1_Stim48hr', 'FABP6_Stim48hr', 'SLC25A27_Stim48hr', 'GOLGA8N_Stim48hr', 'H2AC17_Stim48hr', 'ACYP2_Stim48hr', 'SBDS_Stim48hr', 'RXRB_Stim48hr', 'CTH_Stim48hr', 'INSIG1_Stim48hr', 'GDF11_Stim48hr', 'KIF22_Stim48hr', 'B4GALNT3_Stim48hr', 'ZC3H12A_Stim48hr', 'UBE2V2_Stim48hr', 'TPD52L1_Stim48hr', 'DAPK2_Stim48hr', 'PRIMPOL_Stim48hr', 'ZNF160_Stim48hr', 'NIPBL_Stim48hr', 'BBX_Stim48hr', 'JOSD2_Stim48hr', 'STOML1_Stim48hr', 'BMP8A_Stim48hr', 'CSK_Stim48hr', 'GOLGA8A_Stim48hr', 'BPNT2_Stim48hr', 'MOV10_Stim48hr', 'SERGEF_Stim48hr', 'PDCL_Stim48hr', 'C6orf120_Stim48hr', 'RPL29_Stim48hr', 'LSM11_Stim48hr', 'RIC8B_Stim48hr', 'CBFB_Stim48hr', 'THRA_Stim48hr', 'EIF3K_Stim48hr', 'TM2D1_Stim48hr', 'ATG14_Stim48hr', 'ATP13A3_Stim48hr', 'PALS1_Stim48hr', 'RAF1_Stim48hr', 'PTPN1_Stim48hr', 'TP53_Stim48hr', 'ZCWPW1_Stim48hr', 'ARL1_Stim48hr']"
51,78,,,,,,,,CL:17472,"['INSR', 'LAT2']",0.06451612903225806,0.16912667834226866,56.0,2.0,31.0,"mixed, incl. GPVI-mediated activation cascade, and Insulin receptor binding",,,,,,,,REACTOME_RECOGNITION_AND_ASSOCIATION_OF_DNA_GLYCOSYLASE_WITH_SITE_CONTAINING_AN_AFFECTED_PURINE,"['MPG', 'H2AJ']",0.06451612903225806,0.1643900679532646,55.0,2.0,31.0,,,,,,,,,,,,,,,0.3020548111282699,31,31,"{'RHOF', 'IL4I1', 'TXLNB', 'HPS1', 'IL21', 'IFT172', 'FBXO46', 'HSPH1', 'DAP', 'USP28', 'KPNA1', 'SMIM7', 'TMEM86A', 'CLDN5', 'RAB21', 'ZNF649', 'NAA40', 'MLKL', 'IGF2', 'TNNC1', 'MPG', 'H2AJ', 'INSR', 'ZMYM2', 'UBXN1', 'RAD50', 'SEC14L2', 'CCDC12', 'VWF', 'ZMAT1', 'LAT2'}",{45},0.0,0.0,31.0,"['TXLNB_Stim48hr', 'HPS1_Stim48hr', 'MLKL_Stim48hr', 'RAB21_Stim48hr', 'LAT2_Stim48hr', 'DAP_Stim48hr', 'HSPH1_Stim48hr', 'INSR_Stim48hr', 'ZMYM2_Stim48hr', 'RAD50_Stim48hr', 'ZNF649_Stim48hr', 'IGF2_Stim48hr', 'ZMAT1_Stim48hr', 'TNNC1_Stim48hr', 'MPG_Stim48hr', 'SEC14L2_Stim48hr', 'CCDC12_Stim48hr', 'UBXN1_Stim48hr', 'CLDN5_Stim48hr', 'IFT172_Stim48hr', 'TMEM86A_Stim48hr', 'H2AJ_Stim48hr', 'KPNA1_Stim48hr', 'SMIM7_Stim48hr', 'RHOF_Stim48hr', 'FBXO46_Stim48hr', 'NAA40_Stim48hr', 'IL4I1_Stim48hr', 'IL21_Stim48hr', 'USP28_Stim48hr', 'VWF_Stim48hr']"
52,79,,,,,,,,CL:7638,"['DPH2', 'DPH5', 'DPH6']",0.6,4.7068672891349245e-08,5.0,3.0,5.0,Peptidyl-diphthamide metabolic process,,,,,,,,REACTOME_SYNTHESIS_OF_DIPHTHAMIDE_EEF2,"['DNAJC24', 'DPH5', 'DPH6', 'DPH2']",0.8,2.824279141295468e-10,8.0,4.0,5.0,DPH2,"['DNAJC24', 'DPH2']",0.4,1.0990544813560017e-05,3.0,2.0,5.0,complex 6242,"['DNAJC24', 'DPH2']",0.4,3.6666568889149627e-06,2.0,2.0,5.0,0.29265691804440097,5,5,"{'DPH5', 'TPT1', 'DPH6', 'DPH2', 'DNAJC24'}",{43},0.0,0.0,5.0,"['DPH2_Stim48hr', 'DNAJC24_Stim48hr', 'DPH6_Stim48hr', 'DPH5_Stim48hr', 'TPT1_Stim48hr']"
53,81,,,,,,,,,,,,,,,,,,,,,,,REACTOME_VESICLE_MEDIATED_TRANSPORT,"['HPS1', 'HSPH1']",0.4,0.49309406004093564,725.0,2.0,5.0,,,,,,,,,,,,,,,0.3108317282087093,5,5,"{'HSPH1', 'MLKL', 'HPS1', 'SYK', 'TNNC1'}","{45, 78}",5.0,0.0,0.0,"['HPS1_Rest', 'HSPH1_Rest', 'TNNC1_Rest', 'SYK_Rest', 'MLKL_Rest']"
54,83,"55S ribosome, mitochondrial","['MRPS18C', 'MRPL19']",0.3333333333333333,0.015133289208950462,78.0,2.0,6.0,CL:566,"['MRPS18C', 'MRPL19']",0.3333333333333333,0.01476234637582023,77.0,2.0,6.0,Organellar ribosome,,,,,,,,REACTOME_CYTOPROTECTION_BY_HMOX1,"['TXNIP', 'CYCS']",0.3333333333333333,0.009107374084159724,60.0,2.0,6.0,,,,,,,,,,,,,,,0.20862746397449283,6,6,"{'MRPL19', 'YY1AP1', 'TXNIP', 'CYCS', 'SKA3', 'MRPS18C'}",,0.0,0.0,6.0,"['YY1AP1_Stim48hr', 'TXNIP_Stim48hr', 'MRPL19_Stim48hr', 'MRPS18C_Stim48hr', 'CYCS_Stim48hr', 'SKA3_Stim48hr']"
55,84,"55S ribosome, mitochondrial","['MRPS35', 'MRPL52', 'MRPS31', 'MRPS9', 'MRPS15', 'MRPL39', 'MRPL2', 'MRPS23', 'MRPL18', 'MRPS10', 'MRPS22', 'MRPS11', 'MRPS12', 'MRPL49', 'MRPL11', 'MRPS27', 'MRPS5', 'MRPS25', 'MRPS17', 'MRPL3', 'MRPS14', 'MRPS21', 'MRPL16', 'MRPS16', 'MRPL42', 'MRPL45', 'MRPL50', 'MRPL21', 'MRPL46', 'MRPL37', 'MRPS26', 'MRPS7', 'MRPL9', 'MRPL34', 'MRPL43', 'MRPS34', 'MRPL17', 'MRPL33', 'MRPS24', 'MRPS18B']",0.22988505747126436,2.3146465167102458e-26,78.0,40.0,174.0,CL:558,"['MRPS35', 'MRPL52', 'TRUB2', 'RCC1L', 'MRPS31', 'MTIF2', 'MTG1', 'MRPS9', 'MRPS15', 'MRPL39', 'MRPL2', 'MRPS23', 'MRPL18', 'MRPS10', 'MRPS22', 'MRPS11', 'MRPL58', 'MRPS12', 'MRPL49', 'TFB1M', 'MRPL11', 'MRPS27', 'MRPS5', 'MRPS25', 'MRM2', 'GADD45GIP1', 'MRPS17', 'MRPL3', 'NOA1', 'MRPS14', 'MRPS21', 'METTL17', 'MRPL16', 'MRPS16', 'MRPL42', 'NSUN4', 'MRPL45', 'RBFA', 'OXA1L', 'MRPL50', 'MRPL21', 'MRPL46', 'MRPL37', 'MRPS26', 'MRPS7', 'MRPL9', 'MRPL34', 'MRPL43', 'MRRF', 'MRPS34', 'MRPL17', 'MRPL33', 'GTPBP10', 'MRPS24', 'NGRN', 'MRPS18B']",0.3218390804597701,8.123304910852503e-36,115.0,56.0,174.0,"Organellar ribosome, and Regulation of mitochondrial gene expression",KEGG_OXIDATIVE_PHOSPHORYLATION,"['NDUFB4', 'NDUFS8', 'CYC1', 'NDUFB9', 'COX17', 'NDUFS5', 'NDUFA9', 'NDUFS2', 'COX7C', 'NDUFA6', 'UQCRQ', 'NDUFS7', 'ATP5PO', 'UQCRB', 'ATP5ME', 'NDUFB6', 'ATP5MF', 'NDUFB2', 'NDUFC1', 'NDUFV1', 'COX15', 'COX6C', 'ATP5F1E', 'NDUFA8']",0.13793103448275862,2.4347211604168547e-05,133.0,24.0,174.0,REACTOME_MITOCHONDRIAL_TRANSLATION,"['MRPS35', 'MRPL52', 'MRPS31', 'MTIF2', 'MRPS9', 'MRPS15', 'MRPL2', 'MRPS23', 'MRPL18', 'MRPS10', 'MRPS22', 'MRPS11', 'MRPL58', 'MRPS12', 'MRPL49', 'MRPL11', 'MRPS27', 'MRPS5', 'MRPS25', 'GADD45GIP1', 'MRPS17', 'MRPL3', 'MRPL16', 'MRPS14', 'MRPS16', 'MRPS21', 'MRPL42', 'MRPL45', 'OXA1L', 'MRPL50', 'MRPL46', 'MRPL21', 'MRPL37', 'MRPS26', 'MRPS7', 'MRPS24', 'MRPL43', 'MRPL34', 'MRPL9', 'TSFM', 'MRRF', 'MRPS34', 'MRPL17', 'MRPL33', 'MRPL39', 'MRPS18B']",0.26436781609195403,1.009903152616331e-28,96.0,46.0,174.0,MRPL15,"['MRPS24', 'MRPS35', 'MRPS21', 'MRPL49', 'RCC1L', 'MRPL21', 'MTG1', 'MRPL58', 'MRPL50', 'GADD45GIP1', 'MRPS26']",0.06321839080459771,5.805499778120473e-09,18.0,11.0,174.0,complex 117,"['MRPL39', 'MRPL3']",0.011494252873563218,0.005518685283505911,2.0,2.0,174.0,0.3664403352919068,174,174,"{'PMVK', 'ZBTB33', 'CYC1', 'BCS1L', 'NDUFB9', 'LARS2', 'DHX30', 'MTIF2', 'COA3', 'MRPS9', 'PNPT1', 'MRPS23', 'SARS2', 'PARS2', 'GAS2L1', 'NDUFA6', 'MRPL18', 'UQCRQ', 'TWNK', 'MRPL11', 'MRPS5', 'ISCA2', 'MRPS25', 'FAM118B', 'EEF1B2', 'FASTKD5', 'NOA1', 'MRPS14', 'WARS2', 'C2orf15', 'NPC2', 'USP4', 'MRPL37', 'MRPL9', 'ECSIT', 'ATP5F1E', 'MRPL33', 'MTERF3', 'SLC31A1', 'NDUFB4', 'NDUFA9', 'SSBP1', 'MTG1', 'HMBS', 'MRPS22', 'TFAM', 'MRPS12', 'PDSS1', 'PTDSS1', 'TFB1M', 'LIG3', 'MRM2', 'MRPS17', 'MRPL3', 'NDUFB6', 'MRPS21', 'CYB5RL', 'METTL17', 'MRPL42', 'NDUFB11', 'NSUN4', 'NARS2', 'SUCLG1', 'NDUFAF3', 'IBA57', 'RBFA', 'MRPL50', 'MRPL21', 'MRPS26', 'MRPL34', 'TIMMDC1', 'MRPS34', 'SLC25A10', 'PRORP', 'COX6C', 'HEXIM1', 'MRPL17', 'EARS2', 'MRPS24', 'NGRN', 'RMDN3', 'NDUFA8', 'MRPS18B', 'MRPS35', 'POLRMT', 'NFU1', 'ATP5MF-PTCD1', 'COX19', 'RCC1L', 'NDUFS2', 'COX7C', 'MRPS15', 'MRPL2', 'NDUFAF6', 'ATPAF2', 'TEFM', 'STXBP4', 'MRPS10', 'RBM10', 'MRPS11', 'FAM161B', 'GATB', 'MRPL49', 'COQ6', 'NDUFS7', 'COX18', 'COQ3', 'SLC25A26', 'ATP5PO', 'SLC9A6', 'POLG', 'ATAD3A', 'MRPS16', 'MRPL16', 'NDUFB2', 'COA5', 'FARS2', 'OAZ3', 'SCO2', 'MRPL45', 'RPUSD3', 'MRPS7', 'ACAD9', 'STARD7', 'NDUFV1', 'TSFM', 'MRRF', 'QRSL1', 'COX15', 'LRPPRC', 'GRSF1', 'TRUB2', 'MRPL39', 'TARS2', 'PTCD2', 'NDUFS8', 'MRPL52', 'COX17', 'AIFM1', 'NDUFS5', 'MCAT', 'MRPS31', 'COQ4', 'SCO1', 'TRMT10C', 'MICOS13', 'MRPS27', 'MIPEP', 'UQCRB', 'CARS2', 'ATP5ME', 'COA7', 'GADD45GIP1', 'POLG2', 'ATP5MF', 'MTPAP', 'PDSS2', 'OXA1L', 'MRPL46', 'NUBPL', 'HCCS', 'RNASEH1', 'COX16', 'MRPL43', 'NDUFC1', 'PLEKHG1', 'HSD17B10', 'VARS2', 'GTPBP10', 'KAT14', 'MRPL58', 'RTN4IP1', 'ADPRM', 'ZNF142'}","{25, 13}",0.0,0.0,174.0,"['TFAM_Stim48hr', 'SCO1_Stim48hr', 'PRORP_Stim48hr', 'NDUFA6_Stim48hr', 'NDUFS8_Stim48hr', 'NDUFS7_Stim48hr', 'MRPS5_Stim48hr', 'PDSS1_Stim48hr', 'PMVK_Stim48hr', 'HCCS_Stim48hr', 'EEF1B2_Stim48hr', 'MRPL52_Stim48hr', 'FAM161B_Stim48hr', 'COX6C_Stim48hr', 'MRPS34_Stim48hr', 'MTIF2_Stim48hr', 'GATB_Stim48hr', 'PNPT1_Stim48hr', 'MRPS16_Stim48hr', 'MRPS24_Stim48hr', 'CYB5RL_Stim48hr', 'NDUFA8_Stim48hr', 'MRPS18B_Stim48hr', 'MRPL9_Stim48hr', 'HSD17B10_Stim48hr', 'AIFM1_Stim48hr', 'MRPL43_Stim48hr', 'ATP5MF_Stim48hr', 'MRPS21_Stim48hr', 'SARS2_Stim48hr', 'MRPS11_Stim48hr', 'COA3_Stim48hr', 'COX17_Stim48hr', 'POLG_Stim48hr', 'GADD45GIP1_Stim48hr', 'COX7C_Stim48hr', 'SCO2_Stim48hr', 'MRPS25_Stim48hr', 'COA5_Stim48hr', 'MRPL42_Stim48hr', 'KAT14_Stim48hr', 'MRPL46_Stim48hr', 'OAZ3_Stim48hr', 'STARD7_Stim48hr', 'RNASEH1_Stim48hr', 'ZNF142_Stim48hr', 'COA7_Stim48hr', 'COX19_Stim48hr', 'MRM2_Stim48hr', 'VARS2_Stim48hr', 'RTN4IP1_Stim48hr', 'METTL17_Stim48hr', 'COX16_Stim48hr', 'MRPL45_Stim48hr', 'COQ4_Stim48hr', 'PLEKHG1_Stim48hr', 'MICOS13_Stim48hr', 'COQ6_Stim48hr', 'RPUSD3_Stim48hr', 'SUCLG1_Stim48hr', 'MRPL58_Stim48hr', 'USP4_Stim48hr', 'GRSF1_Stim48hr', 'COX18_Stim48hr', 'UQCRB_Stim48hr', 'MRPS22_Stim48hr', 'COX15_Stim48hr', 'NDUFA9_Stim48hr', 'CARS2_Stim48hr', 'FAM118B_Stim48hr', 'MRPL37_Stim48hr', 'NDUFAF3_Stim48hr', 'MRPS27_Stim48hr', 'SLC31A1_Stim48hr', 'MRPL50_Stim48hr', 'MRPS14_Stim48hr', 'NSUN4_Stim48hr', 'TSFM_Stim48hr', 'RCC1L_Stim48hr', 'ATP5MF-PTCD1_Stim48hr', 'TWNK_Stim48hr', 'NOA1_Stim48hr', 'PTCD2_Stim48hr', 'SSBP1_Stim48hr', 'MRPS12_Stim48hr', 'MTERF3_Stim48hr', 'STXBP4_Stim48hr', 'MRPS23_Stim48hr', 'MRPL3_Stim48hr', 'TIMMDC1_Stim48hr', 'MRPL11_Stim48hr', 'ATP5PO_Stim48hr', 'SLC25A26_Stim48hr', 'CYC1_Stim48hr', 'NDUFB4_Stim48hr', 'ACAD9_Stim48hr', 'MRPL49_Stim48hr', 'POLRMT_Stim48hr', 'NDUFB6_Stim48hr', 'MRPL2_Stim48hr', 'NDUFC1_Stim48hr', 'NGRN_Stim48hr', 'HEXIM1_Stim48hr', 'WARS2_Stim48hr', 'NDUFS2_Stim48hr', 'C2orf15_Stim48hr', 'MRPS10_Stim48hr', 'PARS2_Stim48hr', 'MRPS9_Stim48hr', 'ECSIT_Stim48hr', 'MRPS15_Stim48hr', 'MRPL17_Stim48hr', 'NARS2_Stim48hr', 'ATP5F1E_Stim48hr', 'ADPRM_Stim48hr', 'MRPL16_Stim48hr', 'RBM10_Stim48hr', 'LARS2_Stim48hr', 'MIPEP_Stim48hr', 'MRRF_Stim48hr', 'TRUB2_Stim48hr', 'MCAT_Stim48hr', 'EARS2_Stim48hr', 'PTDSS1_Stim48hr', 'GAS2L1_Stim48hr', 'ATPAF2_Stim48hr', 'DHX30_Stim48hr', 'FASTKD5_Stim48hr', 'POLG2_Stim48hr', 'ATP5ME_Stim48hr', 'NDUFB11_Stim48hr', 'MRPL33_Stim48hr', 'MRPL18_Stim48hr', 'QRSL1_Stim48hr', 'MRPS26_Stim48hr', 'TEFM_Stim48hr', 'BCS1L_Stim48hr', 'NFU1_Stim48hr', 'IBA57_Stim48hr', 'MRPL39_Stim48hr', 'NUBPL_Stim48hr', 'SLC9A6_Stim48hr', 'MRPS31_Stim48hr', 'ATAD3A_Stim48hr', 'LRPPRC_Stim48hr', 'RBFA_Stim48hr', 'TARS2_Stim48hr', 'NPC2_Stim48hr', 'MRPS35_Stim48hr', 'NDUFB9_Stim48hr', 'MRPL21_Stim48hr', 'RMDN3_Stim48hr', 'ZBTB33_Stim48hr', 'NDUFS5_Stim48hr', 'SLC25A10_Stim48hr', 'UQCRQ_Stim48hr', 'TRMT10C_Stim48hr', 'GTPBP10_Stim48hr', 'HMBS_Stim48hr', 'OXA1L_Stim48hr', 'MTPAP_Stim48hr', 'NDUFV1_Stim48hr', 'MRPS7_Stim48hr', 'ISCA2_Stim48hr', 'MRPL34_Stim48hr', 'TFB1M_Stim48hr', 'FARS2_Stim48hr', 'MTG1_Stim48hr', 'NDUFB2_Stim48hr', 'NDUFAF6_Stim48hr', 'COQ3_Stim48hr', 'PDSS2_Stim48hr', 'MRPS17_Stim48hr', 'LIG3_Stim48hr']"
56,86,,,,,,,,CL:4318,"['FBXL15', 'KLHDC10']",0.09523809523809523,0.5106415150770622,187.0,2.0,21.0,"cullin-RING ubiquitin ligase complex, and Protein neddylation",,,,,,,,REACTOME_METABOLISM_OF_WATER_SOLUBLE_VITAMINS_AND_COFACTORS,"['PARP14', 'MMAB']",0.09523809523809523,0.31093932374760275,125.0,2.0,21.0,,,,,,,,,,,,,,,0.24537101795356156,21,21,"{'FBXL15', 'GDAP1', 'WDR54', 'PPP2R3C', 'MMAB', 'FHL1', 'FBXL3', 'CAMK1', 'SYK', 'HSDL2', 'PARP14', 'DRAP1', 'DEFA6', 'KLHDC10', 'UBE2E2', 'H2BC10', 'MTERF2', 'APMAP', 'IFFO2', 'CARD6', 'EFHD2'}","{66, 55}",0.0,0.0,21.0,"['DRAP1_Stim48hr', 'HSDL2_Stim48hr', 'SYK_Stim48hr', 'PPP2R3C_Stim48hr', 'PARP14_Stim48hr', 'EFHD2_Stim48hr', 'WDR54_Stim48hr', 'MTERF2_Stim48hr', 'MMAB_Stim48hr', 'FBXL15_Stim48hr', 'IFFO2_Stim48hr', 'GDAP1_Stim48hr', 'APMAP_Stim48hr', 'DEFA6_Stim48hr', 'FBXL3_Stim48hr', 'CARD6_Stim48hr', 'KLHDC10_Stim48hr', 'CAMK1_Stim48hr', 'FHL1_Stim48hr', 'H2BC10_Stim48hr', 'UBE2E2_Stim48hr']"
57,87,,,,,,,,CL:2579,"['ZBED6', 'NUP188']",0.25,0.04941161288923039,108.0,2.0,8.0,"mRNA transport, and Nucleocytoplasmic carrier activity",,,,,,,,REACTOME_GLUCOSE_METABOLISM,"['PFKM', 'NUP188']",0.25,0.03107564599418989,84.0,2.0,8.0,,,,,,,,,,,,,,,0.22631121522614672,8,8,"{'GSS', 'PFKM', 'FBXO2', 'ZRSR2', 'NPC1', 'ZBED6', 'NUP188', 'FAM209B'}",,8.0,0.0,0.0,"['PFKM_Rest', 'ZRSR2_Rest', 'FAM209B_Rest', 'ZBED6_Rest', 'FBXO2_Rest', 'NPC1_Rest', 'NUP188_Rest', 'GSS_Rest']"
58,88,,,,,,,,,,,,,,,,,,,,,,,,,,,,,,,,,,,,,,,,,,,,0.2659564286853477,8,8,"{'NPIPA7', 'CACHD1', 'HSD17B13', 'STK25', 'ZNF608', 'GAREM1', 'GNG11', 'IL12RB2'}",{39},8.0,0.0,0.0,"['HSD17B13_Rest', 'CACHD1_Rest', 'NPIPA7_Rest', 'STK25_Rest', 'GAREM1_Rest', 'ZNF608_Rest', 'IL12RB2_Rest', 'GNG11_Rest']"
59,90,,,,,,,,CL:28761,"['HEXD', 'B3GAT2']",0.25,0.04450992604576882,102.0,2.0,8.0,"Glycosaminoglycan metabolism, and Sulfation",,,,,,,,,,,,,,,,,,,,,,,,,,,,,0.2730739874896335,8,8,"{'REXO1', 'HEXD', 'TPD52', 'PROX2', 'B3GAT2', 'NEUROD2', 'TM2D1', 'GP9'}",,8.0,0.0,0.0,"['GP9_Rest', 'REXO1_Rest', 'HEXD_Rest', 'PROX2_Rest', 'TPD52_Rest', 'B3GAT2_Rest', 'NEUROD2_Rest', 'TM2D1_Rest']"
60,92,,,,,,,,CL:6146,"['WRN', 'PRIMPOL']",0.125,0.15487544578302384,103.0,2.0,16.0,"mixed, incl. Fanconi anemia pathway, and DNA repair complex",,,,,,,,REACTOME_HEMOSTASIS,"['RASGRP1', 'AK3']",0.125,0.9693698590512263,679.0,2.0,16.0,,,,,,,,,,,,,,,0.2554088531925686,16,16,"{'RASGRP1', 'PIGN', 'HDHD3', 'WRN', 'RAB11FIP1', 'ARMC8', 'PDLIM2', 'AK3', 'SLAMF7', 'ZSCAN2', 'NIPBL', 'RB1CC1', 'ADAM19', 'PRIMPOL', 'MFHAS1', 'SMAD3'}","{77, 39}",16.0,0.0,0.0,"['NIPBL_Rest', 'AK3_Rest', 'WRN_Rest', 'RAB11FIP1_Rest', 'ARMC8_Rest', 'HDHD3_Rest', 'SLAMF7_Rest', 'MFHAS1_Rest', 'RB1CC1_Rest', 'RASGRP1_Rest', 'ZSCAN2_Rest', 'SMAD3_Rest', 'PRIMPOL_Rest', 'PDLIM2_Rest', 'PIGN_Rest', 'ADAM19_Rest']"
61,94,EXT1-EXT2 complex,"['EXT2', 'EXT1']",0.014285714285714285,0.003567657152914259,2.0,2.0,140.0,CL:28775,"['EXT2', 'EXT1', 'NDST2']",0.02142857142857143,0.006170432588829761,7.0,3.0,140.0,"Heparan sulfate proteoglycan biosynthetic process, polysaccharide chain biosynthetic process, and Heparan sulfate 6-O-sulfotransferase activity",KEGG_GLYCOSAMINOGLYCAN_BIOSYNTHESIS_HEPARAN_SULFATE,"['B3GAT1', 'B4GALT7', 'EXT2', 'EXT1', 'NDST2']",0.03571428571428571,0.017032134832593963,26.0,5.0,140.0,REACTOME_FORMATION_OF_THE_ACTIVE_COFACTOR_UDP_GLUCURONATE,"['UXS1', 'UGDH']",0.014285714285714285,0.03164066400609578,5.0,2.0,140.0,EXT2,"['EXT2', 'EXT1']",0.014285714285714285,0.003567657152914259,2.0,2.0,140.0,complex 2668,"['EXT2', 'EXT1']",0.014285714285714285,0.003567657152914259,2.0,2.0,140.0,0.28516049464566834,141,140,"{'PMVK', 'ARMH3', 'CYP4V2', 'TLN1', 'HPRT1', 'DMRTC2', 'PEX16', 'PGK1', 'MAPRE3', 'TRIM14', 'ZFR', 'NFKBIB', 'BCLAF1', 'ZNF71', 'TBX21', 'ASXL1', 'ITM2B', 'GPI', 'NKX2-2', 'SNTB1', 'TNFRSF1A', 'LCK', 'FAM220A', 'TP73', 'POGK', 'FAM98C', 'WDR44', 'B4GALT7', 'LAMTOR1', 'NFE2L1', 'OSR1', 'EXT1', 'IPO7', 'EIPR1', 'STAT3', 'GNS', 'COL4A1', 'ITGB2', 'CAMSAP1', 'E2F1', 'CUL4B', 'ELF4', 'TM9SF3', 'UXS1', 'ZNF628', 'MLYCD', 'ITPA', 'AK9', 'IFI27L1', 'RNF111', 'VENTX', 'SRPK1', 'CEP44', 'TMEM259', 'MSL2', 'CREB3L2', 'SEC62', 'PATL1', 'PCNX4', 'RANBP1', 'ZHX3', 'MIEN1', 'TATDN2', 'CCND2', 'BCL3', 'SH3GL1', 'CMAS', 'STAT2', 'TTC5', 'GANAB', 'HNRNPH1', 'GNAS', 'PTP4A1', 'FITM1', 'STAT5B', 'SUPT4H1', 'OS9', 'EXOC1', 'MTMR10', 'OAF', 'CCDC22', 'CHORDC1', 'NKTR', 'NIPAL4', 'UBR4', 'B3GAT1', 'PDPK1', 'GOLGA8A', 'GUCA1B', 'SNAP23', 'EXT2', 'MED23', 'KMT5A', 'TFAP4', 'ADAM9', 'PTPRC', 'GATAD1', 'ZNF35', 'FBXO28', 'QNG1', 'FBXO11', 'CCDC137', 'SERF2', 'TMEM131', 'U2SURP', 'GRAP', 'FAM98B', 'SFTPC', 'PDAP1', 'RIN1', 'ZNF776', 'HHAT', 'XPO6', 'ANKRD40', 'ZAP70', 'ZDHHC12', 'IFNLR1', 'DHRS7', 'EMC6', 'ACTMAP', 'CASP9', 'CIT', 'TIPRL', 'POLDIP3', 'BEX3', 'UVRAG', 'CYTH3', 'TIPARP', 'UGDH', 'ITSN1', 'EMC9', 'MBTPS1', 'ZCCHC24', 'SIN3A', 'PAPSS1', 'ZNF710', 'BRAT1', 'EXOC7', 'ZBTB48', 'NDST2'}",,140.0,1.0,0.0,"['ARMH3_Rest', 'HHAT_Rest', 'RNF111_Rest', 'CHORDC1_Rest', 'GNS_Rest', 'DMRTC2_Rest', 'U2SURP_Rest', 'ITSN1_Rest', 'PAPSS1_Rest', 'STAT2_Rest', 'FAM98B_Rest', 'GUCA1B_Rest', 'TP73_Rest', 'RIN1_Rest', 'GANAB_Rest', 'UVRAG_Rest', 'EXT2_Rest', 'IPO7_Rest', 'NFE2L1_Rest', 'TLN1_Rest', 'CCDC22_Rest', 'PEX16_Rest', 'ZHX3_Rest', 'GNAS_Rest', 'TMEM131_Rest', 'MBTPS1_Rest', 'POLDIP3_Rest', 'CIT_Rest', 'SRPK1_Rest', 'FBXO28_Rest', 'TIPRL_Rest', 'ZNF71_Rest', 'POGK_Rest', 'COL4A1_Rest', 'ZFR_Rest', 'AK9_Rest', 'PATL1_Rest', 'KMT5A_Rest', 'ANKRD40_Rest', 'BEX3_Rest', 'ITGB2_Rest', 'FBXO11_Rest', 'EMC6_Rest', 'TMEM259_Rest', 'QNG1_Rest', 'STAT3_Rest', 'EXT1_Rest', 'HNRNPH1_Rest', 'LAMTOR1_Rest', 'PMVK_Rest', 'PDAP1_Rest', 'PCNX4_Rest', 'PTP4A1_Rest', 'SNAP23_Rest', 'XPO6_Rest', 'ZCCHC24_Rest', 'NKTR_Rest', 'HPRT1_Rest', 'FAM220A_Rest', 'ZBTB48_Rest', 'TRIM14_Rest', 'CREB3L2_Rest', 'ZNF776_Rest', 'ZDHHC12_Rest', 'SIN3A_Rest', 'E2F1_Rest', 'SNTB1_Rest', 'SEC62_Rest', 'OS9_Rest', 'OSR1_Rest', 'EXOC7_Rest', 'GRAP_Rest', 'GPI_Rest', 'CUL4B_Rest', 'OAF_Rest', 'UXS1_Rest', 'EXOC1_Rest', 'IFNLR1_Rest', 'TIPARP_Rest', 'ELF4_Rest', 'ADAM9_Rest', 'MIEN1_Rest', 'ZAP70_Rest', 'CMAS_Rest', 'ASXL1_Rest', 'PDPK1_Rest', 'SUPT4H1_Rest', 'LCK_Rest', 'ZNF35_Rest', 'ZNF628_Rest', 'EIPR1_Rest', 'STAT5B_Rest', 'MED23_Rest', 'ACTMAP_Rest', 'TFAP4_Rest', 'DHRS7_Rest', 'MLYCD_Rest', 'PGK1_Rest', 'CCDC137_Rest', 'NKX2-2_Rest', 'BCLAF1_Rest', 'MSL2_Rest', 'UGDH_Rest', 'TNFRSF1A_Rest', 'IFI27L1_Rest', 'PTPRC_Rest', 'CCND2_Stim8hr', 'MAPRE3_Rest', 'CAMSAP1_Rest', 'CYTH3_Rest', 'FAM98C_Rest', 'B3GAT1_Rest', 'ITM2B_Rest', 'FITM1_Rest', 'CYP4V2_Rest', 'GATAD1_Rest', 'BCL3_Rest', 'NFKBIB_Rest', 'B4GALT7_Rest', 'TM9SF3_Rest', 'ZNF710_Rest', 'EMC9_Rest', 'ITPA_Rest', 'MTMR10_Rest', 'TATDN2_Rest', 'BRAT1_Rest', 'NIPAL4_Rest', 'RANBP1_Rest', 'CEP44_Rest', 'SFTPC_Rest', 'TTC5_Rest', 'SERF2_Rest', 'VENTX_Rest', 'CCND2_Rest', 'NDST2_Rest', 'GOLGA8A_Rest', 'SH3GL1_Rest', 'TBX21_Rest', 'CASP9_Rest', 'UBR4_Rest', 'WDR44_Rest']"
62,96,,,,,,,,CL:6995,"['PPP1R13L', 'HUWE1']",0.03571428571428571,0.06758350524109126,18.0,2.0,56.0,"mixed, incl. P53 DNA-binding domain, and SWIB/MDM2 domain",KEGG_P53_SIGNALING_PATHWAY,"['TNFRSF10B', 'PPM1D']",0.03571428571428571,0.49008902478342864,68.0,2.0,56.0,REACTOME_REGULATION_OF_LIPID_METABOLISM_BY_PPARALPHA,"['GPS2', 'MED15']",0.03571428571428571,0.7852783513044557,118.0,2.0,56.0,CDC7,"['DBF4', 'MNT']",0.03571428571428571,0.007960605427190789,6.0,2.0,56.0,,,,,,,,0.3941733873881593,56,56,"{'A2M', 'HUWE1', 'INPPL1', 'SMARCA5', 'LIG1', 'MORC2', 'NASP', 'DUSP12', 'FBXO3', 'CPOX', 'ABHD14A', 'C8orf33', 'DLG3', 'MAEA', 'SLC25A22', 'OTUD1', 'NABP1', 'TNK1', 'GJC1', 'GALNT6', 'AASDH', 'DMRTA2', 'MOSPD1', 'SLAMF6', 'TRIP12', 'ADO', 'YEATS2', 'TOP2B', 'CCL5', 'ANKRD49', 'PRB4', 'PPP1R13L', 'PUDP', 'GPS2', 'PUM1', 'C11orf54', 'SESTD1', 'MOSMO', 'PPM1D', 'RPS6KB1', 'PDCD2L', 'DBF4', 'HP1BP3', 'DNAJA3', 'GNPDA2', 'MNT', 'COX20', 'TNFRSF10B', 'IWS1', 'LMNA', 'NCBP3', 'TBCA', 'MED15', 'SLC31A1', 'EWSR1', 'CCNF'}",,56.0,0.0,0.0,"['GNPDA2_Rest', 'NCBP3_Rest', 'TNFRSF10B_Rest', 'INPPL1_Rest', 'PRB4_Rest', 'GJC1_Rest', 'PDCD2L_Rest', 'ANKRD49_Rest', 'PPP1R13L_Rest', 'CCL5_Rest', 'TBCA_Rest', 'CCNF_Rest', 'A2M_Rest', 'YEATS2_Rest', 'DNAJA3_Rest', 'MORC2_Rest', 'C8orf33_Rest', 'MAEA_Rest', 'C11orf54_Rest', 'RPS6KB1_Rest', 'PUDP_Rest', 'GPS2_Rest', 'FBXO3_Rest', 'DMRTA2_Rest', 'PUM1_Rest', 'DBF4_Rest', 'DUSP12_Rest', 'TOP2B_Rest', 'COX20_Rest', 'IWS1_Rest', 'SMARCA5_Rest', 'SESTD1_Rest', 'MED15_Rest', 'HP1BP3_Rest', 'MOSMO_Rest', 'NASP_Rest', 'SLAMF6_Rest', 'TRIP12_Rest', 'DLG3_Rest', 'EWSR1_Rest', 'TNK1_Rest', 'MOSPD1_Rest', 'ABHD14A_Rest', 'SLC25A22_Rest', 'CPOX_Rest', 'PPM1D_Rest', 'HUWE1_Rest', 'SLC31A1_Rest', 'NABP1_Rest', 'MNT_Rest', 'LMNA_Rest', 'ADO_Rest', 'GALNT6_Rest', 'OTUD1_Rest', 'LIG1_Rest', 'AASDH_Rest']"
63,97,Fanconi anemia FAAP100 complex,"['FANCM', 'FANCE', 'FANCA', 'FANCL', 'FANCB', 'FANCF']",0.08571428571428572,1.1162988468918444e-07,10.0,6.0,70.0,CL:6299,"['FANCM', 'FANCE', 'FANCI', 'FANCD2', 'FANCA', 'FANCL', 'FANCB', 'FANCF']",0.11428571428571428,4.1048115764941444e-08,20.0,8.0,70.0,"Fanconi anaemia nuclear complex, and Fanconi anemia complementation group I",KEGG_HOMOLOGOUS_RECOMBINATION,"['XRCC2', 'RAD51B']",0.02857142857142857,0.20394826329545387,28.0,2.0,70.0,REACTOME_FANCONI_ANEMIA_PATHWAY,"['FANCL', 'FANCE', 'ERCC4', 'FANCM', 'FANCI', 'FANCD2', 'FANCA', 'WDR48', 'FANCF', 'ERCC1', 'FANCB']",0.15714285714285714,6.770520228136279e-09,39.0,11.0,70.0,FANCL,"['FANCL', 'FANCM', 'FANCE', 'FANCB']",0.05714285714285714,0.00020834244948979253,11.0,4.0,70.0,complex 96,"['FANCL', 'FANCB']",0.02857142857142857,0.0008854976386729635,2.0,2.0,70.0,0.24981765708993017,70,70,"{'PGM1', 'GNB1L', 'ING5', 'REST', 'CNOT10', 'FNBP4', 'UBA2', 'SETD2', 'ALS2', 'ALOX5', 'EDRF1', 'PLEKHH2', 'FANCL', 'BPTF', 'MCPH1', 'KCTD21', 'TEDC1', 'UBR5', 'ERCC4', 'PFDN5', 'XRCC2', 'SLC25A27', 'GPR82', 'RPL26L1', 'MLX', 'USP10', 'RPUSD1', 'FANCD2', 'L2HGDH', 'ZFYVE21', 'RNF8', 'HAPSTR1', 'FANCF', 'FANCM', 'BRD9', 'ERCC6L', 'UBE2N', 'SAAL1', 'WIPI2', 'TEDC2', 'HOXB2', 'GID8', 'MDM4', 'GMEB2', 'SOCS4', 'WDR48', 'CHTF18', 'RIPOR1', 'RAD51B', 'HSPA14', 'CEP89', 'FANCE', 'STYXL1', 'TCEAL1', 'FANCI', 'ANP32B', 'PSMF1', 'TXNL1', 'OTUB1', 'DDX17', 'FANCA', 'VEZT', 'RHBDD3', 'COMMD10', 'GDAP2', 'USP7', 'ERCC1', 'RITA1', 'FANCB', 'FIGNL1'}",,70.0,0.0,0.0,"['GDAP2_Rest', 'TCEAL1_Rest', 'DDX17_Rest', 'ERCC1_Rest', 'HSPA14_Rest', 'RITA1_Rest', 'ERCC4_Rest', 'FANCM_Rest', 'VEZT_Rest', 'USP10_Rest', 'FIGNL1_Rest', 'PFDN5_Rest', 'ANP32B_Rest', 'RPUSD1_Rest', 'SOCS4_Rest', 'HAPSTR1_Rest', 'FANCB_Rest', 'ALS2_Rest', 'TEDC1_Rest', 'XRCC2_Rest', 'ALOX5_Rest', 'EDRF1_Rest', 'RPL26L1_Rest', 'FANCF_Rest', 'RHBDD3_Rest', 'ING5_Rest', 'SLC25A27_Rest', 'FANCL_Rest', 'UBR5_Rest', 'COMMD10_Rest', 'STYXL1_Rest', 'UBE2N_Rest', 'PLEKHH2_Rest', 'FNBP4_Rest', 'RAD51B_Rest', 'BRD9_Rest', 'PGM1_Rest', 'RIPOR1_Rest', 'REST_Rest', 'CHTF18_Rest', 'UBA2_Rest', 'CEP89_Rest', 'FANCE_Rest', 'SAAL1_Rest', 'ZFYVE21_Rest', 'FANCD2_Rest', 'TEDC2_Rest', 'GID8_Rest', 'USP7_Rest', 'RNF8_Rest', 'FANCI_Rest', 'OTUB1_Rest', 'PSMF1_Rest', 'GMEB2_Rest', 'GPR82_Rest', 'ERCC6L_Rest', 'FANCA_Rest', 'BPTF_Rest', 'GNB1L_Rest', 'MDM4_Rest', 'SETD2_Rest', 'HOXB2_Rest', 'WDR48_Rest', 'MCPH1_Rest', 'MLX_Rest', 'CNOT10_Rest', 'TXNL1_Rest', 'KCTD21_Rest', 'L2HGDH_Rest', 'WIPI2_Rest']"
64,98,"ATAC complex, GCN5-linked","['TADA2A', 'MBIP']",0.18181818181818182,0.0008890015787372266,10.0,2.0,11.0,CL:8949,"['FPGS', 'MTHFD1L']",0.18181818181818182,0.001779344484949768,14.0,2.0,11.0,Tetrahydrofolate metabolic process,KEGG_ONE_CARBON_POOL_BY_FOLATE,"['SHMT2', 'MTHFD1L']",0.18181818181818182,0.002638785512386594,17.0,2.0,11.0,REACTOME_METABOLISM_OF_FOLATE_AND_PTERINES,"['FPGS', 'MTHFD1L', 'SHMT2']",0.2727272727272727,5.1004583465740906e-05,17.0,3.0,11.0,KAT14,"['TADA2A', 'MBIP']",0.18181818181818182,0.0002994006420634003,6.0,2.0,11.0,,,,,,,,0.23597265032593404,11,11,"{'RPL36A-HNRNPH2', 'SLC25A28', 'ADHFE1', 'TADA2A', 'MBIP', 'RABGEF1', 'DMXL1', 'FPGS', 'SHMT2', 'MTHFD1L', 'PDCD2L'}",,0.0,0.0,11.0,"['MBIP_Stim48hr', 'DMXL1_Stim48hr', 'MTHFD1L_Stim48hr', 'RABGEF1_Stim48hr', 'PDCD2L_Stim48hr', 'ADHFE1_Stim48hr', 'FPGS_Stim48hr', 'SLC25A28_Stim48hr', 'TADA2A_Stim48hr', 'RPL36A-HNRNPH2_Stim48hr', 'SHMT2_Stim48hr']"
65,101,,,,,,,,,,,,,,,,,,,,,,,,,,,,,,,,,,,,,,,,,,,,0.353301685649973,5,5,"{'ALG8', 'MRC2', 'AUP1', 'MTCH2', 'ENTR1'}",,0.0,0.0,5.0,"['ENTR1_Stim48hr', 'ALG8_Stim48hr', 'MRC2_Stim48hr', 'AUP1_Stim48hr', 'MTCH2_Stim48hr']"
66,102,,,,,,,,CL:20255,"['GPS2', 'HOXA4']",0.2222222222222222,0.45853750181819664,390.0,2.0,9.0,"mixed, incl. Homeobox, and DNA-binding transcription activator activity, RNA polymerase II-specific",,,,,,,,REACTOME_RHOB_GTPASE_CYCLE,"['PKN3', 'MYO9A']",0.2222222222222222,0.027813488391066208,70.0,2.0,9.0,RHOA,"['PKN3', 'MYO9A']",0.2222222222222222,0.009541048985533939,40.0,2.0,9.0,,,,,,,,0.3171053913009059,9,9,"{'HS3ST3B1', 'KMT2E', 'GPS2', 'PKN3', 'MTMR10', 'HOXA4', 'MYO9A', 'YIPF3', 'ROBO3'}",,0.0,0.0,9.0,"['GPS2_Stim48hr', 'HOXA4_Stim48hr', 'KMT2E_Stim48hr', 'PKN3_Stim48hr', 'YIPF3_Stim48hr', 'MTMR10_Stim48hr', 'HS3ST3B1_Stim48hr', 'ROBO3_Stim48hr', 'MYO9A_Stim48hr']"
67,104,,,,,,,,CL:6139,"['FANCF', 'SKA2']",0.2857142857142857,0.398259162759166,446.0,2.0,7.0,"DNA repair, and Mitosis",,,,,,,,REACTOME_MITOTIC_PROMETAPHASE,"['CEP135', 'SKA2']",0.2857142857142857,0.11899089356806498,204.0,2.0,7.0,,,,,,,,,,,,,,,0.2251342393692313,7,7,"{'MED14', 'LETM2', 'SKA2', 'ATP1B3', 'SS18L2', 'FANCF', 'CEP135'}",,0.0,0.0,7.0,"['MED14_Stim48hr', 'FANCF_Stim48hr', 'CEP135_Stim48hr', 'ATP1B3_Stim48hr', 'LETM2_Stim48hr', 'SS18L2_Stim48hr', 'SKA2_Stim48hr']"
68,106,,,,,,,,,,,,,,,,,,,,,,,,,,,,,,,,,,,,,,,,,,,,0.20526095758938262,5,5,"{'TMEM44', 'HECTD3', 'STAT6', 'DMRTA2', 'AKAP17A'}",,0.0,0.0,5.0,"['HECTD3_Stim48hr', 'AKAP17A_Stim48hr', 'DMRTA2_Stim48hr', 'STAT6_Stim48hr', 'TMEM44_Stim48hr']"
69,107,Arp2/3 protein complex,"['ARPC3', 'ARPC2', 'ARPC1B', 'ACTR3', 'ACTR2']",0.05813953488372093,1.1947768303149798e-06,7.0,5.0,86.0,CL:17855,"['ARPC3', 'ARPC2', 'ARPC1B', 'ACTR3', 'ACTR2']",0.05813953488372093,2.337503294209457e-05,11.0,5.0,86.0,Arp2/3 protein complex,KEGG_ENDOMETRIAL_CANCER,"['CTNNB1', 'PDPK1', 'PIK3CD', 'HRAS']",0.046511627906976744,0.12202145720708497,52.0,4.0,86.0,REACTOME_RHO_GTPASES_ACTIVATE_WASPS_AND_WAVES,"['BRK1', 'ARPC3', 'ARPC2', 'ARPC1B', 'ACTR3', 'ACTR2']",0.06976744186046512,0.0016734417098830546,36.0,6.0,86.0,ARPC4,"['ACTR3', 'ACTR2', 'ARPC2', 'ARPC1B']",0.046511627906976744,0.00018750732236635486,9.0,4.0,86.0,complex 2512,"['ACTR2', 'ARPC1B']",0.023255813953488372,0.001340163092898419,2.0,2.0,86.0,0.23498851312398997,86,86,"{'A2M', 'BRK1', 'KIF5C', 'DMAC1', 'MPI', 'ARPC2', 'ITPKC', 'PARP2', 'CTSO', 'SLC25A22', 'CTDSP2', 'PIGB', 'FBXO42', 'THAP12', 'CCDC90B', 'CAMK2N1', 'IMMP2L', 'ALG6', 'MCUR1', 'VHL', 'COMMD5', 'ACTR2', 'EIF4E2', 'ANXA6', 'MRPL32', 'ITGB2', 'E2F1', 'VPS8', 'ZRANB2', 'EIF1B', 'ITPA', 'LAIR2', 'FAM136A', 'CTNNB1', 'COMMD4', 'RICTOR', 'MSL2', 'ACACA', 'FLAD1', 'PTPN2', 'HRAS', 'FGD3', 'TMED4', 'LMLN', 'AIP', 'CHTF18', 'PAX7', 'GAB2', 'MCM8', 'ZHX3', 'TATDN2', 'SH3GL1', 'TNKS1BP1', 'BPTF', 'XIAP', 'COA6', 'PIK3CD', 'CCDC22', 'HSD17B12', 'USP24', 'PRTN3', 'PDPK1', 'SUPV3L1', 'ARPC1B', 'CCDC93', 'NGLY1', 'TCF21', 'ARPC3', 'FDX1', 'STK40', 'DCLRE1A', 'PPP1R14B', 'PTMA', 'SERF2', 'LMAN1', 'ALG5', 'ACTR3', 'HACD2', 'MAPK12', 'CCDC136', 'NDUFA3', 'COL6A1', 'DGKH', 'LSS', 'DTWD1', 'DOCK2'}",,0.0,0.0,86.0,"['ITPA_Stim48hr', 'FLAD1_Stim48hr', 'SUPV3L1_Stim48hr', 'COMMD5_Stim48hr', 'LSS_Stim48hr', 'LMLN_Stim48hr', 'ACACA_Stim48hr', 'PTPN2_Stim48hr', 'THAP12_Stim48hr', 'VHL_Stim48hr', 'LMAN1_Stim48hr', 'ACTR2_Stim48hr', 'PRTN3_Stim48hr', 'HSD17B12_Stim48hr', 'PDPK1_Stim48hr', 'ARPC2_Stim48hr', 'ARPC1B_Stim48hr', 'NGLY1_Stim48hr', 'SLC25A22_Stim48hr', 'PARP2_Stim48hr', 'AIP_Stim48hr', 'MSL2_Stim48hr', 'CCDC93_Stim48hr', 'HACD2_Stim48hr', 'DTWD1_Stim48hr', 'ZRANB2_Stim48hr', 'BRK1_Stim48hr', 'CCDC90B_Stim48hr', 'MAPK12_Stim48hr', 'TATDN2_Stim48hr', 'MCUR1_Stim48hr', 'ALG5_Stim48hr', 'FBXO42_Stim48hr', 'ALG6_Stim48hr', 'CCDC22_Stim48hr', 'PPP1R14B_Stim48hr', 'PIGB_Stim48hr', 'ITPKC_Stim48hr', 'XIAP_Stim48hr', 'SERF2_Stim48hr', 'FDX1_Stim48hr', 'ACTR3_Stim48hr', 'TCF21_Stim48hr', 'TNKS1BP1_Stim48hr', 'COL6A1_Stim48hr', 'CTNNB1_Stim48hr', 'RICTOR_Stim48hr', 'FGD3_Stim48hr', 'LAIR2_Stim48hr', 'ZHX3_Stim48hr', 'ARPC3_Stim48hr', 'CTSO_Stim48hr', 'EIF4E2_Stim48hr', 'CAMK2N1_Stim48hr', 'A2M_Stim48hr', 'SH3GL1_Stim48hr', 'TMED4_Stim48hr', 'NDUFA3_Stim48hr', 'PTMA_Stim48hr', 'MRPL32_Stim48hr', 'CTDSP2_Stim48hr', 'PIK3CD_Stim48hr', 'HRAS_Stim48hr', 'KIF5C_Stim48hr', 'FAM136A_Stim48hr', 'COMMD4_Stim48hr', 'STK40_Stim48hr', 'BPTF_Stim48hr', 'ITGB2_Stim48hr', 'GAB2_Stim48hr', 'DMAC1_Stim48hr', 'MPI_Stim48hr', 'EIF1B_Stim48hr', 'MCM8_Stim48hr', 'CCDC136_Stim48hr', 'ANXA6_Stim48hr', 'USP24_Stim48hr', 'DCLRE1A_Stim48hr', 'DOCK2_Stim48hr', 'COA6_Stim48hr', 'CHTF18_Stim48hr', 'IMMP2L_Stim48hr', 'PAX7_Stim48hr', 'E2F1_Stim48hr', 'DGKH_Stim48hr', 'VPS8_Stim48hr']"
70,108,ERCC1-ERCC4-MSH2 complex,"['ERCC1', 'ERCC4']",0.3333333333333333,1.648110429374759e-05,3.0,2.0,6.0,CL:6147,"['ERCC4', 'FANCL', 'ERCC1', 'FANCB', 'RAD51B']",0.8333333333333334,6.147198375574054e-07,96.0,5.0,6.0,"DNA repair pathways, full network, and HDR through Homologous Recombination (HRR)",KEGG_NUCLEOTIDE_EXCISION_REPAIR,"['ERCC1', 'ERCC4']",0.3333333333333333,0.004958205312546697,44.0,2.0,6.0,REACTOME_FANCONI_ANEMIA_PATHWAY,"['FANCL', 'ERCC1', 'ERCC4', 'FANCB']",0.6666666666666666,9.731438053499178e-07,39.0,4.0,6.0,ERCC1,"['ERCC1', 'ERCC4']",0.3333333333333333,3.2924541536812557e-05,4.0,2.0,6.0,complex 96,"['FANCL', 'FANCB']",0.3333333333333333,5.4999853333724445e-06,2.0,2.0,6.0,0.309546119893293,6,6,"{'ERCC4', 'FANCL', 'ERCC1', 'FANCB', 'RAD51B', 'FIGNL1'}",{97},0.0,0.0,6.0,"['FANCL_Stim48hr', 'ERCC1_Stim48hr', 'FANCB_Stim48hr', 'ERCC4_Stim48hr', 'FIGNL1_Stim48hr', 'RAD51B_Stim48hr']"
71,109,TCR-CD3 complex,"['CD3E', 'CD3G', 'CD3D', 'CD247']",0.023668639053254437,0.0003538186530750232,6.0,4.0,169.0,CL:15545,"['CD3E', 'LCK', 'CD3D', 'CD3G', 'CD247']",0.029585798816568046,1.059039617882127e-05,6.0,5.0,169.0,"Alpha-beta T cell receptor complex, and Pneumocystosis",KEGG_T_CELL_RECEPTOR_SIGNALING_PATHWAY,"['CD3E', 'LCK', 'CD3D', 'ITK', 'PLCG1', 'CD3G', 'PTPRC', 'CD28', 'PPP3R1', 'CD247', 'BCL10', 'IKBKB', 'MALT1', 'VAV1', 'LAT', 'PRKCQ']",0.09467455621301775,0.003874947164179031,108.0,16.0,169.0,REACTOME_REGULATION_OF_FOXO_TRANSCRIPTIONAL_ACTIVITY_BY_ACETYLATION,"['FOXO1', 'CREBBP', 'EP300', 'KAT2B']",0.023668639053254437,0.00393085905766156,10.0,4.0,169.0,CD3E,"['CD3E', 'CD3G', 'CD3D', 'CD247']",0.023668639053254437,0.0014704806578695986,8.0,4.0,169.0,complex 493,"['CD3E', 'CD247']",0.011834319526627219,0.005205186119503683,2.0,2.0,169.0,0.30176633141949083,169,169,"{'FBXW7', 'ARRDC4', 'SCAF4', 'MBD5', 'CD2', 'NADK2', 'ATRX', 'MAF', 'FOXO1', 'XRRA1', 'GSS', 'ADAT3', 'GPI', 'PPP3R1', 'MAP3K5', 'GALNT6', 'NATD1', 'CNOT6L', 'DNAJC8', 'MALT1', 'STAT5A', 'LCK', 'ANKRD49', 'TP73', 'HTT', 'OSR1', 'PCNX3', 'ZNF384', 'ZC3H10', 'MEN1', 'NDFIP2', 'KMT5B', 'DCAF5', 'COQ10B', 'PARP3', 'MTX2', 'KAT2B', 'NUDCD1', 'BCL10', 'DOT1L', 'COPS9', 'RPE', 'METTL23', 'GPD1L', 'VAV1', 'PRKCQ', 'NUP188', 'TNRC6A', 'CARMIL2', 'PIBF1', 'PLCG1', 'TMX1', 'NUSAP1', 'HELT', 'PDCD5', 'CAMSAP1', 'CAPZA1', 'ELOB', 'PHF23', 'RNF19B', 'LAT', 'TENT2', 'PPHLN1', 'UBIAD1', 'TM2D2', 'CYB5R4', 'SND1', 'AASDH', 'ENTPD1', 'RPS6KA1', 'SRR', 'TXNDC9', 'C11orf54', 'CD28', 'PPDPF', 'PPM1D', 'RIDA', 'EP300', 'TEAD4', 'BICDL1', 'IKBKB', 'ICE2', 'RAC2', 'TPRG1L', 'EWSR1', 'DOLPP1', 'EXOC8', 'NFIC', 'TPGS2', 'PYGM', 'PRKRA', 'ANAPC10', 'ITK', 'EIF4G2', 'SAXO5', 'DDX60L', 'L2HGDH', 'DNAJC3', 'CLCC1', 'HAPSTR1', 'KIF14', 'CD3E', 'CBLL1', 'SENP1', 'SRSF11', 'PHF6', 'ELMOD3', 'TMEM140', 'CD3G', 'DNAAF5', 'CD247', 'GNE', 'FAM204A', 'SOCS4', 'CLDN7', 'TBL1XR1', 'TBRG1', 'PEX5', 'ARL6IP1', 'FCHO1', 'FOXM1', 'NFIX', 'ZNF837', 'KGD4', 'IRF4', 'USP7', 'SNAP23', 'RPS6KA3', 'CD3D', 'TASOR', 'EIF1', 'NR4A3', 'PTPRC', 'CHN2', 'DCAF4', 'TBX22', 'NCAPD3', 'RAB1A', 'SHOC2', 'EML2', 'CALCOCO2', 'PGAP2', 'SLC9A5', 'ANKRD61', 'RNF8', 'TMEM263', 'NKAPD1', 'BCL11B', 'CUL4A', 'MDM4', 'OST4', 'NUP37', 'SIK3', 'ATF7IP2', 'C1D', 'CEP89', 'LRP5', 'SZRD1', 'RAB14', 'FMR1', 'CREBBP', 'COLGALT1', 'KNOP1', 'COG6', 'NCAPG2', 'VEZT', 'CCDC134', 'IKZF1', 'BRAT1'}",{37},0.0,0.0,169.0,"['MAP3K5_Stim48hr', 'NATD1_Stim48hr', 'GPD1L_Stim48hr', 'BICDL1_Stim48hr', 'C1D_Stim48hr', 'XRRA1_Stim48hr', 'COLGALT1_Stim48hr', 'COPS9_Stim48hr', 'ATRX_Stim48hr', 'IKZF1_Stim48hr', 'VEZT_Stim48hr', 'CD3E_Stim48hr', 'PEX5_Stim48hr', 'GSS_Stim48hr', 'RIDA_Stim48hr', 'OST4_Stim48hr', 'CD2_Stim48hr', 'PHF6_Stim48hr', 'COQ10B_Stim48hr', 'TASOR_Stim48hr', 'SRSF11_Stim48hr', 'RAB14_Stim48hr', 'EIF1_Stim48hr', 'NUP37_Stim48hr', 'EWSR1_Stim48hr', 'TNRC6A_Stim48hr', 'PPHLN1_Stim48hr', 'CD247_Stim48hr', 'CD3G_Stim48hr', 'SAXO5_Stim48hr', 'CLCC1_Stim48hr', 'NKAPD1_Stim48hr', 'TBX22_Stim48hr', 'ANAPC10_Stim48hr', 'FAM204A_Stim48hr', 'TPGS2_Stim48hr', 'NR4A3_Stim48hr', 'PGAP2_Stim48hr', 'L2HGDH_Stim48hr', 'TMEM140_Stim48hr', 'C11orf54_Stim48hr', 'ELMOD3_Stim48hr', 'ARL6IP1_Stim48hr', 'IKBKB_Stim48hr', 'NDFIP2_Stim48hr', 'MAF_Stim48hr', 'CAMSAP1_Stim48hr', 'KGD4_Stim48hr', 'TM2D2_Stim48hr', 'RNF8_Stim48hr', 'PLCG1_Stim48hr', 'TPRG1L_Stim48hr', 'RPS6KA1_Stim48hr', 'RPS6KA3_Stim48hr', 'CNOT6L_Stim48hr', 'SNAP23_Stim48hr', 'NCAPG2_Stim48hr', 'NFIX_Stim48hr', 'DCAF5_Stim48hr', 'NUP188_Stim48hr', 'GPI_Stim48hr', 'ELOB_Stim48hr', 'PRKCQ_Stim48hr', 'PTPRC_Stim48hr', 'CEP89_Stim48hr', 'PHF23_Stim48hr', 'ADAT3_Stim48hr', 'SHOC2_Stim48hr', 'PCNX3_Stim48hr', 'TMEM263_Stim48hr', 'HELT_Stim48hr', 'ICE2_Stim48hr', 'METTL23_Stim48hr', 'CAPZA1_Stim48hr', 'ATF7IP2_Stim48hr', 'CLDN7_Stim48hr', 'DCAF4_Stim48hr', 'FCHO1_Stim48hr', 'GALNT6_Stim48hr', 'FBXW7_Stim48hr', 'FOXM1_Stim48hr', 'EXOC8_Stim48hr', 'CHN2_Stim48hr', 'ZNF384_Stim48hr', 'EML2_Stim48hr', 'IRF4_Stim48hr', 'NUDCD1_Stim48hr', 'RAC2_Stim48hr', 'ZC3H10_Stim48hr', 'CUL4A_Stim48hr', 'PYGM_Stim48hr', 'TXNDC9_Stim48hr', 'CD28_Stim48hr', 'ARRDC4_Stim48hr', 'STAT5A_Stim48hr', 'CYB5R4_Stim48hr', 'LCK_Stim48hr', 'PARP3_Stim48hr', 'FMR1_Stim48hr', 'HTT_Stim48hr', 'SRR_Stim48hr', 'PPP3R1_Stim48hr', 'SZRD1_Stim48hr', 'PIBF1_Stim48hr', 'NFIC_Stim48hr', 'NADK2_Stim48hr', 'DNAJC8_Stim48hr', 'MBD5_Stim48hr', 'MALT1_Stim48hr', 'CCDC134_Stim48hr', 'MEN1_Stim48hr', 'TMX1_Stim48hr', 'KIF14_Stim48hr', 'SOCS4_Stim48hr', 'UBIAD1_Stim48hr', 'FOXO1_Stim48hr', 'MDM4_Stim48hr', 'VAV1_Stim48hr', 'CREBBP_Stim48hr', 'RPE_Stim48hr', 'NUSAP1_Stim48hr', 'RAB1A_Stim48hr', 'HAPSTR1_Stim48hr', 'TP73_Stim48hr', 'DNAAF5_Stim48hr', 'DOLPP1_Stim48hr', 'ANKRD49_Stim48hr', 'BCL10_Stim48hr', 'RNF19B_Stim48hr', 'SLC9A5_Stim48hr', 'TENT2_Stim48hr', 'DOT1L_Stim48hr', 'KMT5B_Stim48hr', 'CBLL1_Stim48hr', 'PRKRA_Stim48hr', 'SND1_Stim48hr', 'ZNF837_Stim48hr', 'ANKRD61_Stim48hr', 'PPM1D_Stim48hr', 'EP300_Stim48hr', 'PDCD5_Stim48hr', 'CALCOCO2_Stim48hr', 'NCAPD3_Stim48hr', 'TEAD4_Stim48hr', 'USP7_Stim48hr', 'SIK3_Stim48hr', 'ITK_Stim48hr', 'CARMIL2_Stim48hr', 'EIF4G2_Stim48hr', 'PPDPF_Stim48hr', 'TBRG1_Stim48hr', 'ENTPD1_Stim48hr', 'CD3D_Stim48hr', 'BRAT1_Stim48hr', 'SCAF4_Stim48hr', 'LAT_Stim48hr', 'DNAJC3_Stim48hr', 'SENP1_Stim48hr', 'AASDH_Stim48hr', 'TBL1XR1_Stim48hr', 'LRP5_Stim48hr', 'COG6_Stim48hr', 'GNE_Stim48hr', 'KNOP1_Stim48hr', 'MTX2_Stim48hr', 'DDX60L_Stim48hr', 'KAT2B_Stim48hr', 'OSR1_Stim48hr', 'BCL11B_Stim48hr']"
