,cluster,complex_corum,overlap_genes_corum,overlap_fraction_corum,raw_p_value_corum,complex_size_corum,overlap_size_corum,cluster_size_corum,complex_stringdb,overlap_genes_stringdb,overlap_fraction_stringdb,raw_p_value_stringdb,complex_size_stringdb,overlap_size_stringdb,cluster_size_stringdb,best_described_by,complex_kegg,overlap_genes_kegg,overlap_fraction_kegg,raw_p_value_kegg,complex_size_kegg,overlap_size_kegg,cluster_size_kegg,complex_reactome,overlap_genes_reactome,overlap_fraction_reactome,raw_p_value_reactome,complex_size_reactome,overlap_size_reactome,cluster_size_reactome,complex_zhang,overlap_genes_zhang,overlap_fraction_zhang,raw_p_value_zhang,complex_size_zhang,overlap_size_zhang,cluster_size_zhang,complex_zhangpairwise,overlap_genes_zhangpairwise,overlap_fraction_zhangpairwise,raw_p_value_zhangpairwise,complex_size_zhangpairwise,overlap_size_zhangpairwise,cluster_size_zhangpairwise,intracluster_corr,cluster_gene_size,cluster_member,related_cluster
0,0,DHCR24-DHCR7 complex,"['DHCR24', 'DHCR7']",0.06060606060606061,0.00010492057631600808,2.0,2.0,33.0,CL:9563,"['MVK', 'FDFT1', 'SQLE', 'FDPS', 'CYP51A1', 'LSS', 'ERG28', 'IDI1', 'MVD', 'EBP', 'NSDHL', 'MSMO1', 'SC5D', 'DHCR24', 'DHCR7']",0.45454545454545453,6.921840618073184e-27,22,15,33,Cholesterol biosynthesis,KEGG_STEROID_BIOSYNTHESIS,"['FDFT1', 'SQLE', 'CYP51A1', 'LSS', 'EBP', 'NSDHL', 'MSMO1', 'SC5D', 'DHCR24', 'DHCR7']",0.30303030303030304,6.114395602036755e-17,17.0,10.0,33.0,REACTOME_CHOLESTEROL_BIOSYNTHESIS,"['IDI1', 'SREBF2', 'SREBF1', 'SQLE', 'LSS', 'MSMO1', 'DHCR24', 'MVK', 'FDFT1', 'FDPS', 'MVD', 'EBP', 'NSDHL', 'SC5D', 'ACAT2', 'HMGCR', 'DHCR7', 'HMGCS1', 'CYP51A1']",0.5757575757575758,6.690636365121911e-35,27.0,19.0,33.0,HSD17B7,"['LSS', 'ERG28', 'MSMO1', 'SC5D']",0.12121212121212122,1.1789746260936079e-06,9.0,4.0,33.0,complex 13957,"['INSIG1', 'HMGCR']",0.06060606060606061,0.00010492057631600808,2.0,2.0,33.0,0.38892252109556336,33,"{'DBI', 'IDI1', 'SREBF2', 'SREBF1', 'RDH11', 'SQLE', 'PANK3', 'ERG28', 'LSS', 'PCYT2', 'MSMO1', 'DHCR24', 'MVK', 'FDFT1', 'SCD', 'FDPS', 'MVD', 'SLC25A1', 'EBP', 'NSDHL', 'FADS1', 'ACSL3', 'ACAT2', 'SC5D', 'MMAB', 'HMGCR', 'DHCR7', 'INSIG1', 'LDLR', 'CLCN6', 'FADS2', 'HMGCS1', 'CYP51A1'}",
1,1,,,,,,,,CL:8578,"['PFKFB4', 'ENO2']",0.10526315789473684,0.016062432179407404,33,2,19,"Glycolysis, and Sugar-phosphatase activity",KEGG_REGULATION_OF_ACTIN_CYTOSKELETON,"['CRKL', 'FGF11']",0.10526315789473684,0.3680357928494848,213.0,2.0,19.0,REACTOME_GLUCOSE_METABOLISM,"['PFKFB4', 'ENO2']",0.10526315789473684,0.08856040232294855,84.0,2.0,19.0,,,,,,,,,,,,,,,0.24837409203356836,19,"{'PDK1', 'WDR45B', 'FGF11', 'DDX50', 'PFKFB4', 'CRKL', 'INSIG2', 'IPMK', 'FUT11', 'RNF187', 'ENO2', 'FAM162A', 'ALKBH5', 'UPRT', 'YEATS2', 'HILPDA', 'AK4', 'P4HA1', 'NCKIPSD'}",
2,2,CCT complex (chaperonin containing TCP1 complex),"['CCT2', 'CCT3']",0.1,0.001033390852499611,8.0,2.0,20.0,CL:907,"['RRP15', 'NOP14', 'RRP1', 'FBL', 'WDR36', 'WDR3', 'DDX49']",0.35,5.061376746856333e-06,121,7,20,"Preribosome, and Ribosome biogenesis",,,,,,,,REACTOME_RRNA_MODIFICATION_IN_THE_NUCLEUS_AND_CYTOSOL,"['NOP14', 'FBL', 'WDR36', 'WDR3', 'DDX49']",0.25,2.5475669586475732e-05,60.0,5.0,20.0,NOL10,"['DDX49', 'WDR36', 'WDR3']",0.15,9.291090221013951e-05,15.0,3.0,20.0,complex 5202,"['WDR36', 'WDR3']",0.1,3.775551041674533e-05,2.0,2.0,20.0,0.44718691823084766,20,"{'CHCHD4', 'LONP1', 'CCT2', 'WDR3', 'AK6', 'CCT3', 'PRPF19', 'RRP15', 'NOP14', 'FBL', 'DNAJC11', 'TNPO2', 'FARSA', 'RRP1', 'RPP40', 'DNAJA3', 'WDR36', 'DDX49', 'POLR2H', 'EIF2S1'}",
3,3,,,,,,,,CL:35844,"['ZNF559', 'ZIK1', 'ZFP14', 'ZNF548', 'ZNF682', 'ZNF680', 'ZNF549', 'ZNF44', 'ZNF329', 'ZNF850', 'ZNF441', 'ZNF550', 'ZNF562', 'ZNF600', 'ZNF350', 'ZNF605', 'ZNF253', 'ZNF85', 'ZNF383', 'ZNF382', 'ZNF470', 'ZNF493', 'ZNF84', 'ZNF808', 'ZNF283', 'ZNF585A', 'ZNF561', 'ZNF426', 'ZNF566', 'ZNF14', 'ZNF260', 'ZNF432', 'ZNF544', 'ZNF107', 'ZNF585B', 'ZNF254', 'ZNF677', 'ZNF568', 'ZFP30', 'ZNF8', 'ZFP82', 'ZNF790', 'ZNF345', 'ZNF140', 'ZNF268', 'ZNF256']",0.5476190476190477,1.4060474114954186e-36,186,46,84,"KRAB domain superfamily, and TFIIS helical bundle-like domain",,,,,,,,REACTOME_RNA_POLYMERASE_II_TRANSCRIPTION,"['ZIK1', 'ZNF559', 'ZFP14', 'ZNF480', 'ZNF548', 'ZNF625', 'ZNF682', 'ZNF680', 'ZNF549', 'ZNF71', 'ZNF671', 'ZNF681', 'ZNF75A', 'ZNF274', 'ZNF550', 'ZNF441', 'ZNF562', 'ZNF600', 'ZNF350', 'ZNF736', 'ZNF605', 'ZNF101', 'ZFP90', 'ZNF253', 'ZNF382', 'ZNF383', 'ZNF470', 'ZNF595', 'ZNF266', 'ZNF493', 'ZNF354C', 'ZNF486', 'ZNF626', 'ZNF585A', 'ZNF561', 'ZNF426', 'ZNF331', 'ZNF354A', 'ZNF14', 'ZNF566', 'ZNF583', 'ZNF606', 'ZNF432', 'ZNF544', 'ZNF160', 'ZNF585B', 'ZNF254', 'ZNF573', 'ZNF567', 'ZNF677', 'ZNF700', 'ZNF568', 'ZFP30', 'ZNF200', 'TAF7', 'ZNF264', 'ZNF790', 'ZNF140', 'ZNF268', 'ZNF256']",0.7142857142857143,1.1916927361163506e-07,1374.0,60.0,84.0,TRIM28,"['ZNF550', 'ZNF567', 'ZNF350', 'ZNF736', 'ZFP90', 'ZNF354A', 'ZNF671', 'ZNF383', 'ZNF75A', 'ZNF8', 'ZNF354C']",0.13095238095238096,8.876785302204609e-07,67.0,11.0,84.0,,,,,,,,0.23786174820570358,84,"{'ZNF559', 'ZNF480', 'ZNF682', 'ZNF549', 'ZNF329', 'ZNF850', 'ZNF350', 'ZNF101', 'ZNF383', 'ZNF595', 'ZNF266', 'ZNF493', 'ZNF626', 'ZNF561', 'ZNF606', 'ZNF432', 'ZNF544', 'ZNF160', 'ZNF573', 'ZNF677', 'ZFP82', 'TAF7', 'ZNF140', 'ZNF625', 'ZNF548', 'ZNF880', 'ZNF32', 'ZNF71', 'ZNF681', 'ZNF75A', 'ZNF441', 'ZNF600', 'ZNF736', 'ZNF605', 'ZFP90', 'ZNF253', 'ZNF85', 'ZNF354C', 'ZNF283', 'ZNF583', 'ZNF14', 'ZNF260', 'ZNF254', 'ZFP30', 'ZNF268', 'TIGD7', 'ZIK1', 'ZNF680', 'ZNF83', 'ZNF671', 'ZNF44', 'ZNF90', 'ZNF274', 'ZNF891', 'ZNF550', 'ZNF84', 'ZNF486', 'LRIF1', 'ZFP3', 'ZNF134', 'ZNF426', 'ZNF566', 'ZNF568', 'ZNF200', 'ZNF790', 'ZNF345', 'ZNF841', 'ZNF567', 'ZFP14', 'ZNF813', 'ZNF562', 'EXO5', 'ZNF382', 'ZNF470', 'ZNF585A', 'ZNF331', 'ZNF354A', 'ZNF107', 'ZNF585B', 'ZNF700', 'ZNF264', 'ZNF8', 'ZNF808', 'ZNF256'}",
4,4,Multisynthetase complex,"['EPRS1', 'MARS1', 'IARS1', 'LARS1']",0.04938271604938271,0.00011354805578781034,11.0,4.0,81.0,CL:18527,"['CEBPB', 'ATF3', 'TRIB3', 'DDIT3', 'CHAC1', 'ATF4']",0.07407407407407407,2.300566811164446e-10,6,6,81,Response of EIF2AK1 (HRI) to heme deficiency,KEGG_AMINOACYL_TRNA_BIOSYNTHESIS,"['EPRS1', 'IARS1', 'YARS1', 'GARS1', 'WARS1', 'AARS1', 'MARS1', 'LARS1', 'NARS1']",0.1111111111111111,5.303111016884095e-07,41.0,9.0,81.0,REACTOME_RESPONSE_OF_EIF2AK1_HRI_TO_HEME_DEFICIENCY,"['CEBPB', 'CEBPG', 'GRB10', 'ATF3', 'TRIB3', 'DDIT3', 'CHAC1', 'EIF2S2', 'ATF4']",0.1111111111111111,1.2983468198277274e-11,15.0,9.0,81.0,ATF4,"['CEBPB', 'CEBPG', 'TRIB3', 'ATF3', 'DDIT3', 'ATF4']",0.07407407407407407,9.181401622833017e-06,21.0,6.0,81.0,complex 744,"['DDIT3', 'ATF4']",0.024691358024691357,0.0006438308092118677,2.0,2.0,81.0,0.3417032498617339,81,"{'DNAJC12', 'SLC3A2', 'RFC1', 'MED8', 'GALM', 'MYO1B', 'RSL24D1', 'HAPSTR1', 'ATF4', 'SPNS3', 'PYGB', 'CEBPB', 'PXK', 'GOT1', 'CBS', 'CHAC1', 'SESN2', 'LARS1', 'PPP1R15B', 'CTH', 'DDIT3', 'SLC6A9', 'SLC7A1', 'TMEM267', 'WARS1', 'ASS1', 'MTHFD1L', 'YARS1', 'STC2', 'GHITM', 'ANKRD11', 'DDIT4', 'CST7', 'SERPINE2', 'CEBPG', 'EPRS1', 'KDM4A', 'SLC7A5', 'GRB10', 'GARS1', 'SLC7A11', 'RAB39B', 'PROSER1', 'NFE2L1', 'SLC38A2', 'TM6SF1', 'BUD31', 'TSEN15', 'XPOT', 'ATF3', 'AARS1', 'PYCR1', 'PSPH', 'VLDLR', 'TUBE1', 'EIF2S2', 'VEGFA', 'EIF1', 'SLC1A5', 'COG5', 'PHGDH', 'EIF4EBP1', 'IARS1', 'TRIB3', 'SIAH1', 'NARS1', 'SLC43A1', 'SETD7', 'SHMT2', 'MTHFD2', 'PCK2', 'MARS1', 'HAX1', 'ARSG', 'LRATD2', 'CLIC4', 'PSAT1', 'XPO5', 'PMAIP1', 'PLRG1', 'GPT2'}",
5,5,SELK multiprotein complex,"['DDOST', 'DERL1', 'STT3A', 'SELENOS', 'SELENOK', 'RPN1', 'CANX', 'DERL2']",0.045454545454545456,3.1428242742832164e-09,10.0,8.0,176.0,CL:1540,"['STT3B', 'PDIA6', 'SRPRA', 'PDIA5', 'SSR3', 'SEC61B', 'RPN1', 'CANX', 'EDEM2', 'SEC63', 'TMEM258', 'DDOST', 'MLEC', 'PDIA4', 'SPCS2', 'CRELD2', 'DNAJC3', 'HYOU1', 'HERPUD1', 'SPCS3', 'SSR4', 'OSTC', 'SELENOF', 'SIL1', 'TXNDC11', 'MAGT1', 'SDF2L1', 'DNAJB11', 'TRAM1', 'MANF', 'SEC61A1', 'HSP90B1', 'DNAJB9', 'SEC61G', 'TXNDC5', 'EDEM3', 'SEC11C', 'SRP54', 'SSR2', 'UGGT1', 'RRBP1', 'EIF2AK3', 'ERP44', 'STT3A', 'SSR1', 'EDEM1', 'HSPA5', 'XBP1', 'SRPRB']",0.2784090909090909,1.0304091235471896e-43,80,49,176,"mixed, incl. Protein targeting to ER, and Oligosaccharyltransferase complex",KEGG_PROTEIN_EXPORT,"['SRPRA', 'SEC63', 'SRPRB', 'HSPA5', 'SPCS2', 'SPCS3', 'SEC61B', 'SEC61A1', 'SRP54', 'SEC61G', 'SEC11C']",0.0625,1.4933527443876116e-08,24.0,11.0,176.0,REACTOME_ASPARAGINE_N_LINKED_GLYCOSYLATION,"['STT3B', 'SEL1L', 'COPG1', 'NANS', 'TMED9', 'MIA3', 'GMPPA', 'TFG', 'MGAT2', 'RPN1', 'CANX', 'PDIA3', 'SEC24D', 'EDEM2', 'SYVN1', 'ARF4', 'SEC24A', 'TMEM258', 'COPB1', 'DDOST', 'DERL1', 'GOLGA2', 'MLEC', 'TMED10', 'KDELR2', 'COPB2', 'OSTC', 'PREB', 'BET1L', 'SEC31A', 'LMAN1', 'CALR', 'ARF1', 'COPE', 'LMAN2', 'MAGT1', 'ALG5', 'SEC24C', 'SEC22B', 'TMED2', 'ARCN1', 'DERL2', 'EDEM3', 'SEC13', 'UGGT1', 'COPZ1', 'COPA', 'SCFD1', 'ARFGAP3', 'EDEM1', 'USO1', 'KDELR1', 'STT3A', 'TMED3', 'UAP1', 'RAB1A', 'ALG2', 'GFPT1', 'STX5', 'GMPPB', 'TMED7']",0.3465909090909091,9.96247129656291e-21,312.0,61.0,176.0,SEC61B,"['STT3B', 'SEC63', 'TMCO1', 'CISD2', 'SSR4', 'EDEM1', 'TMEM258', 'STT3A', 'TMED10', 'SEC61A1', 'SEC61B', 'SEC22B', 'STX5', 'SEC61G', 'CANX', 'SSR2']",0.09090909090909091,1.818825626623871e-08,55.0,16.0,176.0,complex 52,"['SURF4', 'KDELR1']",0.011363636363636364,0.003060183475883569,2.0,2.0,176.0,0.2511388610877155,176,"{'SLC33A1', 'SRPRA', 'MTDH', 'DAP', 'GALK2', 'TFG', 'GMPPA', 'IBTK', 'RPN1', 'MGAT2', 'PRRC1', 'EDEM2', 'TXNDC15', 'TMEM214', 'SEC24A', 'CISD2', 'CCDC163', 'GORASP2', 'COPB1', 'PPIB', 'DNAJC3', 'CRELD2', 'HYOU1', 'MORF4L2', 'BET1L', 'ENTPD7', 'FKBP14', 'ARF1', 'SURF4', 'UGDH', 'FICD', 'MYDGF', 'CALU', 'TMEM208', 'EDEM3', 'COPZ1', 'COPA', 'RRBP1', 'USO1', 'PLPP5', 'GOLPH3L', 'YIF1B', 'STX5', 'SLC35B1', 'TMCO1', 'SEL1L', 'PDIA5', 'NANS', 'RHOQ', 'SERP1', 'COPG1', 'HSD17B4', 'TMED9', 'AZI2', 'LYSMD3', 'DDOST', 'MLEC', 'CHPF', 'SELENOK', 'TMED10', 'SSR4', 'UFM1', 'SEC61A1', 'TMED5', 'TXNDC5', 'SEC11C', 'CREB3L2', 'SLC10A7', 'EIF2AK3', 'KDELR1', 'SSR1', 'STT3A', 'ORMDL1', 'GMPPB', 'CREB3', 'PDIA6', 'STT3B', 'AKAP17A', 'RWDD2A', 'HDLBP', 'SELENOS', 'MIA3', 'SEC61B', 'CANX', 'SEC24D', 'PDIA3', 'CDK2AP2', 'ARL1', 'HM13', 'SYVN1', 'SEC63', 'ERLEC1', 'GOLGA2', 'SPCS2', 'HERPUD1', 'SPCS3', 'YIPF5', 'UBE2J1', 'CDRT4', 'COPB2', 'PREB', 'OSTC', 'SELENOF', 'KCNK6', 'SIL1', 'TMEM39A', 'MAGT1', 'CALR', 'GOLGA3', 'TRAM1', 'DNAJB11', 'MESD', 'SDF2L1', 'FNDC3A', 'SEC23B', 'MANF', 'DNAJB9', 'HSP90B1', 'DERL2', 'SCFD1', 'MCEE', 'DYRK4', 'ERP44', 'TMED3', 'HSPA5', 'XBP1', 'RAB1A', 'SLC38A10', 'SEC31A', 'GFPT1', 'TBL2', 'SSR3', 'MZB1', 'BEX5', 'TM9SF3', 'TMEM263', 'GOLT1B', 'ARF4', 'TMEM258', 'PDIA4', 'DERL1', 'SND1', 'GOLGA5', 'OSBP', 'YIPF2', 'HSPA13', 'KDELR2', 'ACBD3', 'TXNDC11', 'LMAN1', 'COPE', 'LMAN2', 'ALG5', 'NDEL1', 'SLC30A7', 'SEC24C', 'RAB2A', 'FKBP11', 'SEC22B', 'SEC61G', 'ARMCX3', 'LARP1B', 'TMED2', 'ARCN1', 'SRP54', 'SEC13', 'SSR2', 'UGGT1', 'SLC39A7', 'ARFGAP3', 'NFXL1', 'EDEM1', 'SRPRB', 'UAP1', 'ALG2', 'TMED7'}",
6,6,BAX-BCL2L11-PACS2-TNFRSF10B-TNFSF10 complex,"['BAX', 'TNFRSF10B']",0.05,0.0015131389890788377,5.0,2.0,40.0,CL:30738,"['TP53I3', 'AEN', 'ZMAT3', 'PHLDA3']",0.1,1.0741284963451396e-07,5,4,40,"mixed, incl. PHLDA family, and NADPH:quinone reductase activity",KEGG_P53_SIGNALING_PATHWAY,"['BAX', 'RRM2B', 'BBC3', 'MDM2', 'DDB2', 'GADD45A', 'TNFRSF10B', 'CCNG1', 'SESN1', 'ZMAT3', 'TP53I3', 'FAS', 'CDKN1A']",0.325,4.689773942174681e-13,68.0,13.0,40.0,REACTOME_TRANSCRIPTIONAL_REGULATION_BY_TP53,"['BAX', 'PLK2', 'RRM2B', 'BBC3', 'MDM2', 'DDB2', 'GADD45A', 'PRKAB1', 'TIGAR', 'TNFRSF10B', 'CCNG1', 'SESN1', 'TP53I3', 'FAS', 'CDKN1A']",0.375,1.389356225411109e-05,360.0,15.0,40.0,PHPT1,"['PHPT1', 'DDB2']",0.05,0.0009151835627394709,4.0,2.0,40.0,complex 2849,"['PHPT1', 'DDB2']",0.05,0.00015499630592137557,2.0,2.0,40.0,0.3536111385120482,40,"{'DRAM1', 'BLOC1S2', 'RRM2B', 'PRKAB1', 'TRIM22', 'PHLDA3', 'CD70', 'ACTA2', 'APOBEC3C', 'FAS', 'PLK2', 'FBXO22', 'BBC3', 'TNFSF4', 'SESN1', 'CCNG1', 'ZMAT3', 'TP53I3', 'CDKN1A', 'PHPT1', 'BAX', 'AEBP2', 'RFX7', 'FDXR', 'MDM2', 'GADD45A', 'TM7SF3', 'IER5', 'DCP1B', 'TIGAR', 'APOBEC3H', 'MYH10', 'TNFSF9', 'SLC7A6', 'DDB2', 'PLXNB2', 'TNFRSF10B', 'TMEM68', 'CCDC90B', 'AEN'}",
7,7,"eIF3 complex (EIF3S6, EIF3S5, EIF3S4, EIF3S3, EIF3S6IP, EIF3S2, EIF3S9, EIF3S12,  EIF3S10, EIF3S8,  EIF3S1, EIF3S7)","['EIF3L', 'EIF3H', 'EIF3D', 'EIF3K', 'EIF3F']",0.1388888888888889,1.0552692955571476e-07,12.0,5.0,36.0,CL:452,"['EIF2A', 'EIF3L', 'EIF3H', 'EIF3D', 'EIF2S3', 'EIF4B', 'EIF3K', 'EIF3F']",0.2222222222222222,1.3166849205932215e-08,43,8,36,Initiation factor,KEGG_CARDIAC_MUSCLE_CONTRACTION,"['UQCRB', 'COX4I1', 'COX7C', 'COX7A2L']",0.1111111111111111,0.011452682993985629,79.0,4.0,36.0,REACTOME_ACTIVATION_OF_THE_MRNA_UPON_BINDING_OF_THE_CAP_BINDING_COMPLEX_AND_EIFS_AND_SUBSEQUENT_BINDING_TO_43S,"['EIF3L', 'EIF3H', 'EIF3D', 'EIF2S3', 'EIF3K', 'EIF4B', 'EIF3F']",0.19444444444444445,3.2919900261374315e-06,60.0,7.0,36.0,EIF3E,"['EIF3D', 'EIF3L', 'EIF3F', 'EIF3H']",0.1111111111111111,1.6906939157739228e-06,9.0,4.0,36.0,complex 9557,"['EIF3K', 'EIF3L']",0.05555555555555555,0.00012518932401341874,2.0,2.0,36.0,0.2510910886515929,36,"{'EEF2', 'ZNF581', 'EEF1G', 'NOA1', 'EIF4B', 'NOP53', 'TOMM20', 'EIF3K', 'POLR1D', 'SYF2', 'ERP29', 'EIF3F', 'ZFAND1', 'EIF3D', 'UBA52', 'COX7A2L', 'ZNF277', 'COX4I1', 'UBXN1', 'ERGIC3', 'CD48', 'TOMM7', 'EIF3L', 'EEF1B2', 'NSA2', 'LETMD1', 'EIF2A', 'EIF3H', 'EIF2S3', 'OXA1L', 'QARS1', 'DPH5', 'CAMLG', 'COX7C', 'UQCRB', 'HIGD2A'}",
8,8,,,,,,,,CL:15533,"['IL17RB', 'IL4', 'ICOS', 'LIF', 'OSM', 'IL5', 'IL2RA', 'CXCL8', 'CTLA4', 'IL13']",0.5263157894736842,7.850532560650142e-06,346,10,19,"Cytokine-cytokine receptor interaction, and Adaptive immunity",KEGG_CYTOKINE_CYTOKINE_RECEPTOR_INTERACTION,"['IL17RB', 'IL4', 'LIF', 'OSM', 'IL5', 'IL2RA', 'CXCL8', 'IL13']",0.42105263157894735,6.945793233870371e-05,264.0,8.0,19.0,REACTOME_INTERLEUKIN_4_AND_INTERLEUKIN_13_SIGNALING,"['IL4', 'LIF', 'OSM', 'CXCL8', 'IL13']",0.2631578947368421,0.00037599618144333895,111.0,5.0,19.0,IL4R,"['IL4', 'IL13']",0.10526315789473684,0.00020242515909392556,4.0,2.0,19.0,,,,,,,,0.23407461346817915,19,"{'ANKH', 'OSBPL10', 'ICOS', 'LIF', 'TMEM273', 'IL4', 'CXCL8', 'IL17RB', 'SGK1', 'PHTF2', 'OSM', 'IL2RA', 'CTLA4', 'IL13', 'CEMIP2', 'CHDH', 'KLHL11', 'IL5', 'LGMN'}",
9,9,,,,,,,,CL:28110,"['CHST10', 'SPHK1']",0.1,0.8031195393842903,454,2,20,"mixed, incl. Glycoprotein biosynthetic process, and Membrane lipid metabolic process",KEGG_VEGF_SIGNALING_PATHWAY,"['MAPK12', 'SPHK1']",0.1,0.08149361048993914,76.0,2.0,20.0,REACTOME_SIGNALING_BY_VEGF,"['MAPK12', 'SPHK1']",0.1,0.1424112746520192,106.0,2.0,20.0,,,,,,,,,,,,,,,0.12331919879205072,20,"{'HES6', 'CTSW', 'MVB12B', 'E2F5', 'TRERF1', 'TERT', 'ANKLE1', 'PRXL2A', 'FNDC10', 'CHST10', 'NME4', 'GLB1L3', 'GAREM2', 'SPHK1', 'GAMT', 'USP13', 'MAPK12', 'RPP25', 'NRARP', 'KLHL23'}",
10,10,RAB11A-RAB11FIP1-SLAMF1 complex,"['RAB11FIP1', 'SLAMF1']",0.01,0.011369347326167067,3.0,2.0,200.0,CL:15622,"['TNFSF14', 'TNFRSF9', 'CD40LG', 'CD276', 'PDCD1']",0.025,0.024481847315424205,27,5,200,"TNFs bind their physiological receptors, and T cell modulation in pancreatic cancer",KEGG_ALLOGRAFT_REJECTION,"['IFNG', 'CD40LG', 'FASLG', 'PRF1', 'GZMB']",0.025,0.0798096517846884,37.0,5.0,200.0,REACTOME_TNFS_BIND_THEIR_PHYSIOLOGICAL_RECEPTORS,"['EDARADD', 'TNFSF14', 'TNFRSF9', 'FASLG', 'TNFRSF1A']",0.025,0.03253098926226284,29.0,5.0,200.0,NFKBID,"['NFKBID', 'REL']",0.01,0.003954392933122274,2.0,2.0,200.0,complex 1495,"['CTNNA1', 'ARHGAP21']",0.01,0.003954392933122274,2.0,2.0,200.0,0.2325168949470185,200,"{'MFSD10', 'ARHGEF2', 'ATP9A', 'SLAMF6', 'RGS3', 'ZC3H12C', 'ITPR1', 'TESK1', 'INTS6L', 'LYPD3', 'NAB2', 'GSTA4', 'POFUT1', 'CCL4L2', 'FZD3', 'ACVR1B', 'N4BP1', 'JUN', 'NDFIP1', 'CCL4', 'EDARADD', 'HIVEP3', 'CRTAM', 'AGFG1', 'ABTB2', 'VDR', 'SDC4', 'BACH2', 'PPP1R16B', 'RNF19A', 'RBPJ', 'VSIR', 'PDCD1', 'MPZL3', 'BMERB1', 'AKAP11', 'B4GALT1', 'NFKBID', 'VEZT', 'FBXO30', 'SUCO', 'IER3', 'TBC1D20', 'KLF9', 'LAG3', 'RILPL2', 'MDFIC', 'POU2F2', 'RASGRF2', 'KDM6B', 'CAVIN3', 'LRIG1', 'CD40LG', 'ELAPOR1', 'AGO2', 'PABIR1', 'JARID2', 'ZFP36L1', 'CTNNA1', 'TNFRSF1A', 'PRSS23', 'FMNL3', 'TRAF1', 'SIAH2', 'STARD4', 'IGF2R', 'CCL3', 'ARL3', 'ADSS2', 'EMP1', 'CRIM1', 'CCL1', 'IL3', 'RAB11FIP1', 'ZNF704', 'GSDME', 'CXXC5', 'PPP1CB', 'CDK6', 'SGPL1', 'PHEX', 'CD276', 'REL', 'RIN3', 'PTPN22', 'ACSL6', 'TNFAIP3', 'DOT1L', 'CPM', 'ADO', 'TNFSF14', 'NTRK1', 'SNX9', 'GALNT2', 'C16orf87', 'DNMT3A', 'PTPN7', 'LTBP4', 'MAPKAPK2', 'KCNK5', 'NFE2L3', 'AGK', 'TNFRSF9', 'F5', 'B3GNT5', 'AHI1', 'EED', 'DUSP2', 'SPRY1', 'TSPAN13', 'NR4A3', 'CSF2', 'CD82', 'EIF4ENIF1', 'TIAM2', 'DUSP4', 'ARMC9', 'SLC43A2', 'GRAMD4', 'HECTD2', 'LBH', 'AFAP1', 'PHF6', 'FYN', 'CD109', 'SRGN', 'SEC14L2', 'FASLG', 'SFI1', 'OSBPL3', 'DGKI', 'GNG4', 'GZMB', 'NAMPT', 'MICAL2', 'MTX3', 'LAX1', 'ADAP1', 'GFOD1', 'ARHGAP21', 'DSTYK', 'RCAN1', 'TMCC2', 'CD83', 'MAP2K3', 'TAGAP', 'POU2AF1', 'MFSD2A', 'TNFAIP8', 'SHC4', 'CD2', 'PIM3', 'SGPP2', 'EGR2', 'SRD5A3', 'JUND', 'CHSY1', 'NIPA1', 'SHF', 'RGCC', 'RHOB', 'PRAG1', 'TRIM8', 'OTUD7B', 'TRIB1', 'RAB27A', 'BCL2L1', 'TGIF1', 'NEDD9', 'FAM3C', 'XIRP1', 'C1orf198', 'SLAMF1', 'CD9', 'RGS16', 'RDH10', 'NR4A2', 'CD200', 'FOXP1', 'NFATC1', 'KIF3B', 'PKIA', 'ADORA2A', 'PTMS', 'RASGEF1B', 'MBOAT7', 'CSRNP1', 'OTUD1', 'IFNG', 'SLA', 'SEMA7A', 'ZBED2', 'SMOX', 'PHLDA1', 'ZEB2', 'LRRC8B', 'PLK3', 'KCNN4', 'PRF1', 'TBC1D4'}",
11,11,BBSome core complex,"['BBS2', 'BBS9']",0.031746031746031744,0.0022692208324949304,4.0,2.0,63.0,CL:28413,"['HGSNAT', 'IDUA']",0.031746031746031744,0.005528976819087994,6,2,63,Mucopolysaccharidosis type IIIB,KEGG_GLYCOSAMINOGLYCAN_DEGRADATION,"['HGSNAT', 'IDUA']",0.031746031746031744,0.06397531513292483,21.0,2.0,63.0,REACTOME_MUCOPOLYSACCHARIDOSES,"['HGSNAT', 'IDUA']",0.031746031746031744,0.019016282739274474,11.0,2.0,63.0,HGSNAT,"['MAN1B1', 'HGSNAT']",0.031746031746031744,0.0011493295867584506,3.0,2.0,63.0,complex 7986,"['BBS2', 'BBS9']",0.031746031746031744,0.00038808690444159806,2.0,2.0,63.0,0.20357718273748443,63,"{'LYRM9', 'CTSO', 'IGIP', 'HGSNAT', 'ZMAT1', 'ARRDC1', 'BTBD2', 'DENND11', 'FBXL17', 'PHF2', 'EXOC2', 'FAM172A', 'MAN1B1', 'P4HTM', 'LIPA', 'ZC3H6', 'IDUA', 'UNC93B1', 'BBS2', 'CAPRIN2', 'FBXO44', 'R3HDM2', 'KIFC2', 'BEX4', 'TSC22D1', 'MAP3K12', 'TCEAL8', 'BBS9', 'PACS2', 'FUCA1', 'NPEPL1', 'BTBD8', 'SCP2', 'CCDC92', 'LDB1', 'PCBP4', 'ZMYM3', 'ZDHHC2', 'TRAPPC6A', 'KRCC1', 'SLC22A18', 'MARCHF9', 'PKN1', 'VEGFB', 'THBS3', 'RUFY1', 'CCDC159', 'SDCCAG8', 'ZNF862', 'SGSM2', 'PPP1R3F', 'TRIM46', 'ACYP2', 'RNASET2', 'KIF16B', 'TPGS1', 'ZYG11B', 'RINL', 'ECHDC2', 'ZNF362', 'OXR1', 'LZTS2', 'NMT2'}",
12,12,,,,,,,,CL:31959,"['BTN3A2', 'BTN3A1', 'BTN3A3']",0.3,2.6759200345282188e-06,10,3,10,"Butyrophilin (BTN) family interactions, and Blepharitis",,,,,,,,REACTOME_BUTYROPHILIN_BTN_FAMILY_INTERACTIONS,"['BTN3A2', 'BTN3A1', 'BTN3A3']",0.3,4.889599957325896e-06,12.0,3.0,10.0,BTN3A3,"['BTN3A2', 'BTN3A1', 'BTN3A3']",0.3,2.2559683563259665e-08,3.0,3.0,10.0,complex 169,"['BTN3A2', 'BTN3A1']",0.2,8.942094572387051e-06,2.0,2.0,10.0,0.38649370215601764,10,"{'ANXA2R', 'ORMDL3', 'UBA7', 'GSDMB', 'DRAP1', 'BTN3A2', 'BTN3A1', 'PARP15', 'PDCD1LG2', 'BTN3A3'}",
13,13,DTX3L-PARP9-STAT1 complex,"['DTX3L', 'STAT1', 'PARP9']",0.031578947368421054,2.6021655003404895e-05,3.0,3.0,95.0,CL:17001,"['PARP9', 'ISG15', 'IFIT3', 'HERC5', 'IFI44', 'DDX60', 'PARP12', 'IFI27', 'HELZ2', 'IFI6', 'UBE2L6', 'OASL', 'GBP4', 'HERC6', 'GBP5', 'IFI44L', 'IFIT1', 'DTX3L', 'GBP1', 'MX2', 'SAMD9L', 'OAS1', 'MX1', 'RSAD2', 'SAMD9', 'OAS3', 'IFIT5', 'OAS2', 'PARP14', 'ZC3HAV1', 'ISG20', 'EPSTI1', 'DDX60L', 'XAF1', 'RTP4']",0.3684210526315789,4.566816669755266e-47,46,35,95,"mixed, incl. Interferon alpha/beta signaling, and Guanylate-binding protein, C-terminal",KEGG_PROTEASOME,"['PSMB10', 'PSME1', 'PSMB9', 'PSMB8', 'PSME2']",0.05263157894736842,0.011237703243815466,46.0,5.0,95.0,REACTOME_INTERFERON_ALPHA_BETA_SIGNALING,"['ISG15', 'IRF7', 'IFIT3', 'IFI27', 'USP18', 'ADAR', 'IFI6', 'OASL', 'EIF2AK2', 'STAT2', 'IFIT1', 'IRF9', 'MX2', 'OAS1', 'MX1', 'RSAD2', 'OAS3', 'IFIT5', 'OAS2', 'IFI35', 'ISG20', 'STAT1', 'PSMB8', 'IRF1', 'XAF1']",0.2631578947368421,1.4841570304710367e-20,78.0,25.0,95.0,GBP4,"['GBP5', 'GBP1', 'GBP4']",0.031578947368421054,0.0001018210121962884,4.0,3.0,95.0,complex 305,"['NMI', 'IFI35']",0.021052631578947368,0.0008872544947935153,2.0,2.0,95.0,0.38154639468013896,95,"{'PARP9', 'ISG15', 'NLRC5', 'IRF7', 'PARP12', 'NUB1', 'APOL6', 'IFI44L', 'GBP1', 'TAPBP', 'RSAD2', 'OAS3', 'PHF11', 'TAP1', 'CMTR1', 'LGALS9', 'PSMB8', 'APOL2', 'TRANK1', 'TMEM140', 'TBC1D1', 'LGALS3BP', 'PSMB9', 'HERC5', 'IFI44', 'XRN1', 'NMI', 'JAK2', 'HELZ2', 'ADAR', 'USP18', 'SP100', 'ERAP1', 'STAT2', 'EIF2AK2', 'GBP4', 'PLSCR1', 'CASP4', 'TNFSF13B', 'ERAP2', 'FBXO6', 'SAMD9L', 'STAT1', 'LAP3', 'DDX60L', 'TRAFD1', 'CTSS', 'PARP10', 'IFI27', 'IFI30', 'PSME1', 'UBE2L6', 'OASL', 'TAP2', 'PSMB10', 'RIGI', 'ODF3B', 'SAMD9', 'PLAAT4', 'TRIM21', 'PARP14', 'IFI35', 'ZC3HAV1', 'SLFN5', 'IRF1', 'RTP4', 'IFIT3', 'DDX60', 'TYMP', 'APOL1', 'APOL3', 'IFI6', 'HAPLN3', 'KLHDC7B', 'LAMP3', 'HERC6', 'GBP5', 'IFIT1', 'WDFY1', 'DTX3L', 'IRF9', 'MX2', 'MVP', 'OAS1', 'MX1', 'OAS2', 'CMPK2', 'IFIT5', 'ISG20', 'EPSTI1', 'PSME2', 'XAF1', 'LY6E', 'DHX58', 'IFIH1'}",
14,14,,,,,,,,CL:20200,"['TSPAN18', 'TSPAN15']",0.05405405405405406,0.0012944495624681062,5,2,37,Tetraspanin-enriched microdomain,KEGG_HEMATOPOIETIC_CELL_LINEAGE,"['ITGAM', 'ITGA6', 'IL7R', 'ITGA5']",0.10810810810810811,0.01747327411582911,87.0,4.0,37.0,REACTOME_FIBRONECTIN_MATRIX_FORMATION,"['CEACAM1', 'ITGA5']",0.05405405405405406,0.0019274165330019379,6.0,2.0,37.0,MYOT,"['AGPAT4', 'SBK1']",0.05405405405405406,0.003545254970094169,8.0,2.0,37.0,,,,,,,,0.24879732234126764,37,"{'AGPAT4', 'NDUFA12', 'TRAT1', 'DLGAP4', 'PDP1', 'SLCO3A1', 'UPP1', 'LIMS2', 'CEACAM1', 'ITGA6', 'SPTBN1', 'IL7R', 'HKDC1', 'TLR3', 'PLXNA4', 'NOSIP', 'STIM2', 'ITGAM', 'VCL', 'SAMD3', 'TOB1', 'UBQLN2', 'PLSCR3', 'TSPAN18', 'TSPAN15', 'KLF3', 'RAP2A', 'ITGA5', 'PLEKHG3', 'SBK1', 'GABBR1', 'AQP3', 'DACT1', 'MLLT3', 'FAM13A', 'EXOC6B', 'KLF8'}",
15,15,"Spliceosome, E complex","['SRSF5', 'LUC7L3']",0.06451612903225806,0.36135800785981387,129.0,2.0,31.0,CL:37668,"['FAM200B', 'C2orf68']",0.06451612903225806,0.06780937018083073,44,2,31,"mostly uncharacterized, incl. Cell cycle regulatory protein, and EPM2A-interacting protein 1/ZBED8-like",,,,,,,,REACTOME_RNA_POLYMERASE_II_TRANSCRIPTION_TERMINATION,"['CSTF2T', 'SRSF5']",0.06451612903225806,0.13828291010202368,67.0,2.0,31.0,PCF11,"['CSTF2T', 'SRSF5']",0.06451612903225806,0.003187280706615039,9.0,2.0,31.0,,,,,,,,0.19195166402732008,31,"{'DYNLT2', 'VAMP1', 'DIDO1', 'MOAP1', 'EPM2AIP1', 'LUC7L3', 'SGK3', 'DDT', 'BRK1', 'JRKL', 'KRBA2', 'TCTA', 'ZNF580', 'CUTA', 'ZNF512', 'VMP1', 'C11orf71', 'FAM200B', 'ZCCHC3', 'CSTF2T', 'DCAF16', 'ARGLU1', 'SMIM27', 'C2orf68', 'TRIM52', 'ZFP62', 'ATXN7L3B', 'SRSF5', 'FMC1', 'DPM3', 'TMEM80'}",
16,16,,,,,,,,CL:10756,"['PDE4A', 'PDE9A']",0.16666666666666666,0.027453936440798046,70,2,12,"Cyclic nucleotide metabolic process, and Protein kinase A binding",KEGG_PURINE_METABOLISM,"['PDE4A', 'PDE9A']",0.16666666666666666,0.11851490462342168,159.0,2.0,12.0,,,,,,,,,,,,,,,,,,,,,,0.23388612706438464,12,"{'HPS3', 'TNK2', 'ZDHHC14', 'WWC3', 'PDE4A', 'SSBP2', 'PDE9A', 'RNF24', 'MSRA', 'SCAPER', 'TMX4', 'CABIN1'}",
17,17,PA700-20S-PA28 complex,"['PSMD14', 'PSMA1', 'PSMD11', 'PSMC5', 'PSMC1', 'PSMA4', 'PSMD8', 'PSMC2', 'PSMB2', 'PSMC6', 'PSMA7', 'PSMB1', 'PSMD7', 'PSMD4', 'PSMD2', 'PSMA3', 'PSMD1', 'PSMB3', 'PSMB6']",0.11875,3.192403095841126e-16,36.0,19.0,160.0,CL:3706,"['PSMD14', 'PSMA1', 'PSMD11', 'PSMC5', 'POMP', 'PSMC1', 'PSMA4', 'PSMD8', 'PSMC2', 'PSMB2', 'PSMC6', 'USP14', 'ADRM1', 'PSMA7', 'PSMB1', 'PSMD7', 'PSMD4', 'PSMD2', 'PSMD1', 'PSMA3', 'PSMB3', 'PSMB6']",0.1375,1.482949839352326e-18,42,22,160,Proteasome,KEGG_PROTEASOME,"['PSMD14', 'PSMA1', 'PSMC5', 'PSMD11', 'POMP', 'PSMC1', 'PSMA4', 'PSMD8', 'PSMC2', 'PSMB2', 'PSMC6', 'PSMA7', 'PSMB1', 'PSMD7', 'PSMD4', 'PSMD2', 'PSMA3', 'PSMD1', 'PSMB3', 'PSMB6']",0.125,6.319780043484892e-15,46.0,20.0,160.0,REACTOME_PROTEASOME_ASSEMBLY,"['PSMD14', 'PSMA1', 'PSMC5', 'PSMD11', 'POMP', 'PSMC1', 'PSMA4', 'PSMD8', 'PSMC2', 'PSMB2', 'PSMC6', 'ADRM1', 'PSMG3', 'PSMA7', 'PSMB1', 'PSMD7', 'PSMD4', 'PSMD2', 'PSMA3', 'PSMD1', 'PSMB3', 'PSMB6']",0.1375,5.07802971643205e-16,52.0,22.0,160.0,PSMA4,"['PSMA1', 'PSMB3', 'PSMA7', 'PSMB2', 'POMP', 'PSMA4']",0.0375,3.8632712614995236e-07,8.0,6.0,160.0,complex 2246,"['PSMB2', 'PSMA4']",0.0125,0.00252763206579474,2.0,2.0,160.0,0.2797367336777882,160,"{'DNAJC7', 'PPP5C', 'ACAT1', 'PSMC5', 'ERH', 'CAND1', 'POMP', 'SRSF10', 'SET', 'AIFM1', 'RAD23B', 'ISOC2', 'NUDT21', 'TPRKB', 'DYNC1LI1', 'HNRNPU', 'VBP1', 'PSMC2', 'NRROS', 'ATP5F1C', 'MPV17L2', 'GMPS', 'MYCBP', 'MRM2', 'ADRM1', 'PLAA', 'STIP1', 'MMADHC', 'HSD17B10', 'UBE2N', 'EIF4G2', 'CIAO2A', 'PSMA7', 'RRP36', 'HNRNPC', 'SNRPF', 'HNRNPM', 'HNRNPA3', 'DLD', 'SRRM1', 'PSMD4', 'ANAPC5', 'NDUFS1', 'CCNQ', 'DHX15', 'ITGB1BP1', 'SRSF7', 'TOE1', 'CHCHD2', 'ATP5MC3', 'GTF2A2', 'GLRX5', 'DHX9', 'FLVCR1', 'TRA2B', 'ELP5', 'PNP', 'CARS2', 'NDUFS3', 'USP39', 'NOP9', 'ATP5F1A', 'SFPQ', 'ATP6V0B', 'RBM17', 'PRELID1', 'MLX', 'SLC25A17', 'USP14', 'CLPP', 'EAF2', 'NSMCE4A', 'TMEM183A', 'RTRAF', 'RBMX', 'NDUFV1', 'PAGR1', 'PPIA', 'BAZ1A', 'SAMM50', 'NOL12', 'DOHH', 'PSMD2', 'PSMD1', 'PSMB3', 'PSMB6', 'SNRPD2', 'GATAD2A', 'NT5DC2', 'ANXA7', 'U2AF2', 'PSMD14', 'TRAPPC2L', 'GLRX2', 'FUBP1', 'SRSF9', 'PSMA4', 'ATP2A2', 'SNRPA', 'POP7', 'PSMD8', 'NUP37', 'CHCHD3', 'BRMS1', 'PSMB2', 'ATP5PB', 'MAGOH', 'SF3B3', 'HNRNPL', 'PSMB1', 'COPS3', 'PSMA3', 'SMPD4', 'AURKAIP1', 'ASF1A', 'LLPH', 'SUGT1', 'MYO19', 'TRIM28', 'SNRPB', 'EXOSC9', 'L3MBTL2', 'SLC25A5', 'SNRPA1', 'PSMA1', 'ETFA', 'PSMD11', 'PSMC1', 'LRWD1', 'SAAL1', 'HNRNPR', 'UQCRFS1', 'SNRPG', 'LSM10', 'LPCAT1', 'PSMC6', 'XPO1', 'SGTA', 'HIRA', 'BAG2', 'TIMM21', 'PSMG3', 'SLC25A3', 'LSM5', 'UBA2', 'ANP32B', 'COX20', 'PSMD7', 'DAZAP1', 'WBP11', 'PRDX1', 'PTBP1', 'NDUFB9', 'ELAVL1', 'CNOT9', 'HNRNPF', 'HSPA14', 'TRAPPC4', 'FUS', 'PRKDC'}",
18,18,,,,,,,,CL:3688,"['UFD1', 'UBE2D2', 'DDA1']",0.2727272727272727,0.24627494046910187,502,3,11,"Neddylation, and Ubiquitin-dependent protein catabolic process",,,,,,,,REACTOME_COMPLEX_IV_ASSEMBLY,"['RAB5IF', 'HIGD1A']",0.18181818181818182,0.011299671247264501,48.0,2.0,11.0,,,,,,,,,,,,,,,0.2268771901791225,11,"{'KCTD20', 'DDA1', 'ARMT1', 'UFD1', 'UBE2D2', 'RER1', 'RAB5IF', 'ADIPOR1', 'HIGD1A', 'BCL7B', 'DPP9'}",
19,19,Cathepsin A-beta-galactosidase-neuraminidase complex,"['CTSA', 'NEU1']",0.08695652173913043,0.0001501574417944194,3.0,2.0,23.0,CL:28359,"['RENBP', 'HEXA', 'CTSA', 'NEU1']",0.17391304347826086,0.0003046174130488595,47,4,23,"Glycosphingolipid metabolism, and Mucopolysaccharidoses",KEGG_LYSOSOME,"['LAMP1', 'HEXA', 'DNASE2', 'NPC2', 'CTSA', 'NEU1', 'GNPTG', 'GBA1']",0.34782608695652173,1.0772197026524042e-06,121.0,8.0,23.0,REACTOME_GLYCOSPHINGOLIPID_CATABOLISM,"['HEXA', 'CTSA', 'GBA1', 'NEU1']",0.17391304347826086,0.00014599120302931097,39.0,4.0,23.0,GLMP,"['GLMP', 'MFSD1']",0.08695652173913043,5.0274442818087205e-05,2.0,2.0,23.0,complex 16197,"['GLMP', 'MFSD1']",0.08695652173913043,5.0274442818087205e-05,2.0,2.0,23.0,0.2885824471834358,23,"{'RENBP', 'DNASE2', 'LAMP1', 'NPC2', 'RNF149', 'GIPC1', 'AMDHD2', 'BRI3', 'SLC38A7', 'WDR81', 'CTSA', 'CSTB', 'SAT2', 'AP5Z1', 'FLCN', 'HEXA', 'MFSD1', 'SPNS1', 'NEU1', 'GLMP', 'SMCR8', 'GNPTG', 'GBA1'}",
20,20,ESCRT-III complex,"['CHMP3', 'CHMP4A']",0.09523809523809523,0.00181871791727567,10.0,2.0,21.0,CL:14183,"['CHMP3', 'CHMP4A']",0.09523809523809523,0.014219901891823383,28,2,21,Multivesicular body assembly,KEGG_ENDOCYTOSIS,"['PLD2', 'RAB11B', 'CHMP4A', 'CHMP3']",0.19047619047619047,0.028556756729069724,181.0,4.0,21.0,REACTOME_LATE_ENDOSOMAL_MICROAUTOPHAGY,"['HDAC6', 'CHMP4A', 'CHMP3']",0.14285714285714285,0.001310901961346202,34.0,3.0,21.0,,,,,,,,,,,,,,,0.2286259666077179,21,"{'CGGBP1', 'GSK3B', 'TTBK2', 'TBC1D5', 'ALAD', 'DPYSL2', 'CASP9', 'RAB11B', 'STARD10', 'RNF19B', 'FKBP8', 'NDRG3', 'PPP1R21', 'HDAC6', 'STX8', 'DCAF11', 'CHMP4A', 'RIPOR1', 'CHMP3', 'SEPTIN6', 'PLD2'}",
21,21,"Cytochrome c oxidase including assembly factors (COX, PET100, PET117, MR-1S)","['PNKD', 'COX6B1', 'COX6C', 'NDUFA4', 'COX7A2']",0.1724137931034483,3.5071709609998955e-07,18.0,5.0,29.0,CL:11069,"['ATP5MF', 'NDUFB4', 'COX6B1', 'COX6C', 'NDUFB1', 'NDUFA4', 'NDUFA2', 'ATP5MG', 'COX7A2', 'UQCR10', 'ATP5PD', 'NDUFB3', 'NDUFA1']",0.4482758620689655,7.673424613829242e-12,121,13,29,"Respiratory electron transport, ATP synthesis by chemiosmotic coupling, and heat production by uncoupling proteins.",KEGG_OXIDATIVE_PHOSPHORYLATION,"['NDUFB4', 'COX6B1', 'COX6C', 'NDUFA4', 'NDUFB1', 'ATP5MG', 'NDUFA2', 'COX7A2', 'NDUFA1', 'UQCR10', 'ATP5PD', 'NDUFB3', 'ATP5MF']",0.4482758620689655,2.6337055283751196e-11,133.0,13.0,29.0,REACTOME_AEROBIC_RESPIRATION_AND_RESPIRATORY_ELECTRON_TRANSPORT,"['PNKD', 'NDUFB4', 'COX6B1', 'COX6C', 'NDUFA4', 'NDUFB1', 'ATP5MG', 'NDUFA2', 'COX7A2', 'NDUFA1', 'UQCR10', 'ATP5PD', 'NDUFB3', 'ATP5MF']",0.4827586206896552,1.1668271265244302e-08,261.0,14.0,29.0,NDUFB2,"['ATP5MF', 'NDUFB4', 'NDUFB1', 'UQCR10', 'NDUFB3', 'NDUFA1']",0.20689655172413793,3.056440557030372e-08,23.0,6.0,29.0,complex 4467,"['NDUFA4', 'NDUFB1']",0.06896551724137931,8.067756436420318e-05,2.0,2.0,29.0,0.23521361846675756,29,"{'PNKD', 'DYNLT2B', 'NDUFB4', 'NEDD8', 'NDUFB1', 'NDUFA2', 'ELOB', 'ATP5PD', 'NDUFA1', 'ATP5MF', 'TMA7', 'POLR2L', 'TMEM160', 'FIBP', 'UBL5', 'AP2S1', 'COX6B1', 'NDUFA4', 'RBX1', 'ATP5IF1', 'NDUFB3', 'COX7A2', 'UBE2A', 'ROMO1', 'COX6C', 'PIN1', 'ATP5MG', 'UQCR10', 'ARL6IP4'}",
22,22,POLR2B-POLR2C-RPAP1 complex,"['POLR2C', 'POLR2B']",0.018867924528301886,0.003244980183805195,3.0,2.0,106.0,CL:11347,"['COX19', 'COA6']",0.018867924528301886,0.010350546121191923,5,2,106,"Cysteine alpha-hairpin motif superfamily, and Copper chaperone SCO1/SenC",KEGG_RIBOFLAVIN_METABOLISM,"['MTMR2', 'ACP1']",0.018867924528301886,0.09789747917105167,16.0,2.0,106.0,REACTOME_FORMATION_OF_TC_NER_PRE_INCISION_COMPLEX,"['POLR2B', 'ERCC8', 'COPS7B', 'PPIE', 'POLR2C', 'COPS2']",0.05660377358490566,0.006399014044067054,51.0,6.0,106.0,NMT1,"['ACBD6', 'NMT1']",0.018867924528301886,0.0011058390287851988,2.0,2.0,106.0,complex 3130,"['DENR', 'TXNL4B']",0.018867924528301886,0.0011058390287851988,2.0,2.0,106.0,0.21059053072613895,106,"{'COA6', 'COQ4', 'C1D', 'CUL2', 'MCCC2', 'TXNL4B', 'THUMPD3', 'C1orf43', 'EIF4H', 'COX18', 'RFT1', 'VDAC2', 'GTF3C3', 'DUSP12', 'TMEM243', 'LEO1', 'COX19', 'MTX2', 'RIDA', 'COPS2', 'CDK8', 'TTC27', 'LACTB2', 'POLR2B', 'METTL17', 'FRA10AC1', 'PTER', 'NDUFA8', 'TRMT5', 'TTC32', 'EWSR1', 'ECHDC1', 'PFDN4', 'SNX5', 'CCDC25', 'FXN', 'SF3B5', 'KBTBD8', 'PPIE', 'SKIC8', 'NUP54', 'OPA1', 'RCN1', 'SUPV3L1', 'ACBD6', 'RXYLT1', 'SMIM20', 'SMIM30', 'INO80', 'DNAJC19', 'TRUB1', 'CNOT11', 'LYRM4', 'CCDC47', 'TPD52L2', 'NFKBIB', 'DENR', 'NARS2', 'KRR1', 'POLR2C', 'HDDC2', 'API5', 'ENOPH1', 'MTMR2', 'DCTD', 'MECR', 'NMT1', 'CNDP2', 'ZNF326', 'COPS7B', 'TMA16', 'UBE2V2', 'ACP1', 'SHLD2', 'NDUFA5', 'MTFR1', 'SMARCAD1', 'PTCD2', 'SBDS', 'ZCCHC9', 'CSNK2A2', 'COA8', 'SF3B6', 'PIP5K1A', 'CWC15', 'NDUFAF5', 'GLUD1', 'ASNSD1', 'METTL16', 'ORC5', 'RWDD4', 'TXNL1', 'PPP2R2A', 'EEF1AKMT1', 'ERCC8', 'DCTN6', 'OLA1', 'GFM2', 'SLC31A1', 'IDE', 'DCAF13', 'EBAG9', 'MAIP1', 'EARS2', 'TIMMDC1', 'PTS'}",
23,23,C complex spliceosome,"['CWC27', 'CWC22']",0.16666666666666666,0.03517705109739353,80.0,2.0,12.0,CL:2035,"['CWC27', 'CWC22']",0.16666666666666666,0.058662485330118454,106,2,12,"U2-type spliceosomal complex, and mRNA Splicing - Major Pathway",,,,,,,,REACTOME_RESPIRATORY_ELECTRON_TRANSPORT,"['NDUFA10', 'MDH2']",0.16666666666666666,0.11851490462342168,159.0,2.0,12.0,RNF113A,"['CWC27', 'CWC22']",0.16666666666666666,0.00046523844811286033,9.0,2.0,12.0,,,,,,,,0.18272351039263485,12,"{'PRKRA', 'ZNF146', 'EIF2D', 'PRPSAP2', 'TATDN1', 'MDH2', 'CWC22', 'ZCCHC4', 'NDUFA10', 'WARS2', 'CWC27', 'BNIP1'}",
24,24,Arp2/3 protein complex,"['ARPC5', 'ARPC2', 'ARPC3', 'ACTR2', 'ARPC1B', 'ACTR3', 'ARPC4']",0.11475409836065574,6.835533755634222e-13,7.0,7.0,61.0,CL:17855,"['ARPC5', 'ARPC2', 'ARPC3', 'ACTR3', 'ARPC1B', 'ACTR2', 'ARPC4']",0.11475409836065574,2.124043634107586e-10,11,7,61,Arp2/3 protein complex,KEGG_PATHOGENIC_ESCHERICHIA_COLI_INFECTION,"['ARPC5', 'ARPC2', 'ARPC3', 'ACTG1', 'YWHAZ', 'ARPC1B', 'ARPC4']",0.11475409836065574,7.584334778932197e-05,56.0,7.0,61.0,REACTOME_EPHB_MEDIATED_FORWARD_SIGNALING,"['ARPC5', 'ARPC2', 'ARPC3', 'ACTG1', 'ACTR3', 'ARPC1B', 'CFL1', 'ACTR2', 'ARPC4']",0.14754098360655737,5.3182261419257995e-08,42.0,9.0,61.0,ARPC4,"['ARPC5', 'ARPC2', 'ACTR2', 'ARPC1B', 'ACTR3', 'ARPC4']",0.09836065573770492,3.1608057380742607e-09,9.0,6.0,61.0,complex 221,"['ACTR2', 'ARPC4']",0.03278688524590164,0.00036364517927707344,2.0,2.0,61.0,0.3096300561041942,61,"{'MAP4K2', 'MGST3', 'ANXA5', 'CNN2', 'SEC22C', 'ATP2A3', 'C4orf33', 'SHKBP1', 'ACTR1A', 'AIDA', 'KATNAL1', 'ZYX', 'STK24', 'ANXA2', 'YWHAZ', 'RAB1B', 'ACTR3', 'MYH9', 'GNB1', 'NARF', 'ARPC5', 'CARD19', 'CALM1', 'ARPC2', 'AGPAT1', 'ACTG1', 'NTAN1', 'ZNF592', 'GNB2', 'CFL1', 'DNM2', 'ACTR2', 'MYL6', 'LCP1', 'LGALS1', 'PTBP3', 'PFN1', 'POLR3GL', 'GNAI2', 'PDZD11', 'TPM4', 'TMSB10', 'RASSF2', 'PLOD3', 'GLRX', 'APAF1', 'IQGAP1', 'MAP3K3', 'ARPC4', 'PPP1CA', 'GRK2', 'ARPC3', 'DECR1', 'ARHGDIB', 'BAD', 'NHERF1', 'VIM', 'HEBP2', 'CORO1A', 'ARPC1B', 'VPS26A'}",
25,25,,,,,,,,CL:14902,"['ACAP2', 'MADD']",0.041666666666666664,0.015719450672967664,13,2,48,"uDENN domain, and ArfGAP ACAP1/2/3-like",KEGG_NEUROTROPHIN_SIGNALING_PATHWAY,"['SHC1', 'KIDINS220']",0.041666666666666664,0.5750914493946152,126.0,2.0,48.0,REACTOME_SIGNALLING_TO_ERKS,"['SHC1', 'KIDINS220']",0.041666666666666664,0.09259569073313594,34.0,2.0,48.0,VOPP1,"['OSTM1', 'WBP1L']",0.041666666666666664,0.00754020543513275,9.0,2.0,48.0,,,,,,,,0.20208163675948201,48,"{'CBX4', 'CCDC97', 'BICRA', 'WWP2', 'RBM43', 'ZNF780A', 'PRKAA1', 'NOTCH2', 'CTSC', 'USF3', 'KIDINS220', 'TMEM9B', 'TADA2B', 'FAM13B', 'STXBP3', 'RAB5C', 'TRAK2', 'OSTM1', 'EFCAB14', 'SLK', 'REEP5', 'SEL1L3', 'ACTR10', 'PI4KA', 'SETX', 'FRYL', 'MARK2', 'DHRS7', 'ZZEF1', 'EFR3A', 'WBP1L', 'ZNF641', 'FAM199X', 'SLC35F6', 'MADD', 'C3AR1', 'AKTIP', 'RIPK1', 'SHC1', 'ARL15', 'ITSN2', 'MRTFA', 'MIDN', 'ACAP2', 'NFATC2', 'TOR1AIP1', 'RAB37', 'RASA2'}",
26,26,,,,,,,,CL:17811,"['RAC1', 'ARPC1A']",0.18181818181818182,0.09765440414135702,155,2,11,"mixed, incl. Regulation of actin dynamics for phagocytic cup formation, and CDC42 GTPase cycle",KEGG_FC_GAMMA_R_MEDIATED_PHAGOCYTOSIS,"['RAC1', 'ARPC1A']",0.18181818181818182,0.04171248366486294,96.0,2.0,11.0,REACTOME_RHO_GTPASES_ACTIVATE_WASPS_AND_WAVES,"['RAC1', 'ARPC1A']",0.18181818181818182,0.006456029589086185,36.0,2.0,11.0,,,,,,,,,,,,,,,0.25144388205892876,11,"{'EXOC5', 'ARPC1A', 'RAC1', 'HSBP1', 'SPATS2L', 'SEM1', 'COX17', 'ACAA2', 'BMAL2', 'KIFBP', 'MED14'}",
27,27,,,,,,,,CL:4414,"['DCAF17', 'DCAF4']",0.09090909090909091,0.008899834203127732,21,2,22,Cul4-RING E3 ubiquitin ligase complex,,,,,,,,REACTOME_TRNA_PROCESSING,"['ADAT2', 'TRMT61B']",0.09090909090909091,0.18098039602154062,112.0,2.0,22.0,,,,,,,,,,,,,,,0.22115061082870052,22,"{'ZNF507', 'ANGEL1', 'DCAF17', 'PLD6', 'LRRC8D', 'NUDT3', 'SLC9B2', 'ZNF587B', 'TMEM120B', 'CFAP97', 'RSAD1', 'DEAF1', 'PPARGC1B', 'ADAT2', 'GCFC2', 'HYAL2', 'ZNF121', 'DCAF4', 'METTL8', 'TRMT61B', 'USP36', 'WDR89'}",
28,28,protein complex (DDX28; DHX30; GRSF1; FASTKD2; FASTKD5),"['DHX30', 'DDX28', 'FASTKD2']",0.016483516483516484,0.0017040734131266075,5.0,3.0,182.0,CL:893,"['FTSJ1', 'MPHOSPH6', 'DDX55', 'TRMT6', 'DUS3L', 'URB1', 'TEX10', 'RIOK1', 'UTP23', 'GTPBP3', 'DDX31', 'RPUSD2', 'TRMT61A', 'METTL1', 'QTRT1', 'TRMT1', 'EXOSC7', 'RIOK2', 'TTC4', 'YARS2', 'LSG1', 'GNL2', 'PNPT1', 'RPF1', 'DDX54', 'REXO4', 'BUD23', 'TYW3', 'MTREX', 'HGH1', 'DNTTIP2', 'NGDN', 'URB2', 'NOM1', 'DDX24', 'PUM3']",0.1978021978021978,5.837956901291504e-08,246,36,182,"rRNA processing, and tRNA modification",KEGG_RNA_DEGRADATION,"['PNPT1', 'MPHOSPH6', 'MTREX', 'EXOSC7', 'XRN2']",0.027472527472527472,0.24819518574107444,59.0,5.0,182.0,REACTOME_TRNA_MODIFICATION_IN_THE_NUCLEUS_AND_CYTOSOL,"['FTSJ1', 'TRMT61A', 'METTL1', 'TRMT6', 'QTRT1', 'TRMT1', 'TYW3']",0.038461538461538464,0.011441009210024729,44.0,7.0,182.0,TRUB2,"['TRUB2', 'DAP3', 'FASTKD2']",0.016483516483516484,0.0032645951313899414,6.0,3.0,182.0,complex 5191,"['TTC4', 'HGH1']",0.01098901098901099,0.0032730053267063805,2.0,2.0,182.0,0.28482473065106717,182,"{'SLC27A5', 'FTSJ1', 'MPHOSPH6', 'DDX55', 'GCN1', 'CAD', 'PDCD2L', 'DNPEP', 'DUS3L', 'MRM1', 'KDM1A', 'PMM2', 'DDX28', 'HOMER1', 'DDX31', 'GTPBP3', 'HSPBP1', 'RPUSD2', 'NAA25', 'RABEPK', 'UCHL3', 'FAM174C', 'TRMT1', 'NT5DC3', 'DPH2', 'RIOK2', 'LUC7L', 'ELP2', 'MSTO1', 'TWNK', 'MYC', 'AASDHPPT', 'LSG1', 'METTL2A', 'DDX19A', 'TYW3', 'WRN', 'DHX30', 'DNTTIP2', 'PYCR3', 'UBE2G2', 'URB2', 'HDAC2', 'CHID1', 'ABCC4', 'ANKRD13B', 'GADD45GIP1', 'ARMC10', 'THAP12', 'NOM1', 'POGK', 'NTHL1', 'ALDH18A1', 'SCRIB', 'CCDC85B', 'CDV3', 'PIGW', 'CDCA7L', 'RBFA', 'TRMT6', 'PPRC1', 'DNAAF2', 'RBM15B', 'TAF4B', 'UTP23', 'MAPKAPK5', 'APRT', 'TRMT61A', 'YBX3', 'TTC4', 'YARS2', 'DFFA', 'TMX2', 'PNPO', 'NUP88', 'HK2', 'BUD23', 'QDPR', 'FEM1A', 'GTF2F2', 'TRUB2', 'PRDX4', 'SACS', 'C1orf109', 'YDJC', 'TOMM70', 'KNOP1', 'AIMP1', 'ENTR1', 'NOCT', 'CISD3', 'TRIM27', 'NR2C2AP', 'B4GALT2', 'CARNMT1', 'PUM3', 'PALS2', 'TXLNG', 'UBE3C', 'URB1', 'PDCD5', 'RIOK1', 'TIMM8A', 'GEMIN7', 'SMYD5', 'C12orf43', 'ZNRD2', 'VARS2', 'METTL1', 'TMEM138', 'QTRT1', 'EXOSC7', 'PPAT', 'METTL26', 'PNPT1', 'ZNF330', 'EIF3A', 'RPF1', 'VMA21', 'AMD1', 'REXO4', 'CEP83', 'NAF1', 'TRMT10C', 'SRRD', 'EEF2KMT', 'NXT1', 'NGDN', 'PDCD6', 'RABEP1', 'EMC1', 'OTUD6B', 'TIMM8B', 'UBE3A', 'TAF9', 'ZMPSTE24', 'LARP4', 'XRN2', 'FASTKD2', 'ZPR1', 'MTA1', 'URI1', 'PRPF40A', 'C12orf29', 'TEX10', 'ALG3', 'NADK', 'TUBGCP4', 'NDUFAF2', 'CUL4A', 'ALKBH2', 'MLLT1', 'AARSD1', 'C8orf33', 'SIGMAR1', 'SLX9', 'GNL2', 'DDX54', 'MTPAP', 'AKAP1', 'MTREX', 'HGH1', 'TMEM147', 'JMJD8', 'SMARCA4', 'COA7', 'PMS1', 'HPDL', 'TIMM9', 'DTD2', 'YIF1A', 'XPO4', 'U2SURP', 'POLR3E', 'ARMC6', 'FLAD1', 'GTPBP6', 'TFB2M', 'GFUS', 'DDX24', 'DAP3', 'PEBP1'}",
29,29,,,,,,,,CL:29797,"['GIMAP2', 'GIMAP7', 'GIMAP4', 'GIMAP5', 'GIMAP6', 'GIMAP8']",0.6,3.1125943653868314e-14,10,6,10,GTPase GIMA/IAN/Toc,,,,,,,,,,,,,,,GIMAP4,"['GIMAP4', 'GIMAP5']",0.2,8.942094572387051e-06,2.0,2.0,10.0,complex 1196,"['GIMAP7', 'GIMAP8']",0.2,8.942094572387051e-06,2.0,2.0,10.0,0.5063858550320655,10,"{'ST6GAL1', 'GIMAP2', 'IL4R', 'GIMAP7', 'IKZF1', 'MAP3K1', 'GIMAP4', 'GIMAP5', 'GIMAP6', 'GIMAP8'}",
30,30,,,,,,,,CL:14176,"['LRRC57', 'CHMP5', 'SPTY2D1', 'UEVLD']",0.2,0.00020289573309624265,49,4,20,"Multivesicular body assembly, and BRO1 domain",KEGG_TGF_BETA_SIGNALING_PATHWAY,"['SMAD7', 'BMPR2']",0.1,0.1007044903391221,86.0,2.0,20.0,REACTOME_SIGNALING_BY_BMP,"['SMAD7', 'BMPR2']",0.1,0.015734249319441524,31.0,2.0,20.0,,,,,,,,,,,,,,,0.20626837515065816,20,"{'DCUN1D3', 'UEVLD', 'BMPR2', 'TCP11L1', 'ANO6', 'AMFR', 'TRIP12', 'SPPL2A', 'SMAD7', 'CHMP5', 'SPTY2D1', 'AFDN', 'LRRC57', 'LYRM1', 'RRAGA', 'FGL2', 'NEK7', 'C1GALT1', 'ITGAV', 'GPR107'}",
31,31,Nop56p-associated pre-rRNA complex,"['EBNA1BP2', 'GNL3', 'DDX21', 'TCOF1']",0.36363636363636365,0.00030110155300653484,104.0,4.0,11.0,CL:910,"['WDR12', 'EBNA1BP2', 'PAK1IP1', 'GNL3']",0.36363636363636365,1.531222363201471e-05,49,4,11,"mixed, incl. Preribosome, large subunit precursor, and ATP-dependent RNA helicase DEAD-box, conserved site",KEGG_AMINOACYL_TRNA_BIOSYNTHESIS,"['FARSB', 'VARS1']",0.18181818181818182,0.008323900825055519,41.0,2.0,11.0,REACTOME_RRNA_PROCESSING,"['WDR12', 'GNL3', 'EBNA1BP2', 'GAR1', 'DDX21']",0.45454545454545453,0.0003595417932942477,205.0,5.0,11.0,BOP1,"['WDR12', 'EBNA1BP2', 'NOP16']",0.2727272727272727,3.4240422549708125e-05,20.0,3.0,11.0,,,,,,,,0.6206925931073944,11,"{'FARSB', 'WDR12', 'PAK1IP1', 'GNL3', 'NOP16', 'GTF2H3', 'TCOF1', 'EBNA1BP2', 'GAR1', 'VARS1', 'DDX21'}",
32,32,,,,,,,,CL:25996,"['CEP192', 'MPHOSPH9']",0.05,0.038727515921968665,25,2,40,"mixed, incl. Centriole replication, and Ciliary rootlet component, centrosome cohesion",KEGG_LYSOSOME,"['GUSB', 'NAGA', 'AP1M1']",0.075,0.19431100911985452,121.0,3.0,40.0,REACTOME_SUMOYLATION_OF_TRANSCRIPTION_FACTORS,"['SP3', 'SUMO3']",0.05,0.025514747848962346,20.0,2.0,40.0,SUN2,"['ARL6IP6', 'NRM']",0.05,0.00046127408987070985,3.0,2.0,40.0,complex 24304,"['ARL6IP6', 'NRM']",0.05,0.00015499630592137557,2.0,2.0,40.0,0.25843029063661555,40,"{'CRIP1', 'NUMA1', 'ZDHHC12', 'AP2A1', 'DCK', 'NNT', 'SUMO3', 'AP1M1', 'GPAA1', 'PPP2R5D', 'CEP192', 'H3-3A', 'MXD3', 'MPHOSPH9', 'TTC7A', 'TRIOBP', 'PSIP1', 'DCTN3', 'LMF2', 'ARHGAP33', 'ATP8B3', 'GUSB', 'ARL6IP6', 'NRM', 'NAGA', 'CDKN2D', 'BLOC1S1', 'CALM3', 'CARHSP1', 'SP3', 'PRPSAP1', 'HP1BP3', 'SLC2A4RG', 'SPIN4', 'PMM1', 'C11orf80', 'RTN3', 'TPR', 'KBTBD2', 'COX8A'}",
33,33,,,,,,,,CL:28110,"['MSANTD3', 'SGCB']",0.1111111111111111,0.752202010356873,454,2,18,"mixed, incl. Glycoprotein biosynthetic process, and Membrane lipid metabolic process",,,,,,,,REACTOME_MEMBRANE_TRAFFICKING,"['SCOC', 'PACSIN2']",0.1111111111111111,0.8990557705108062,630.0,2.0,18.0,,,,,,,,,,,,,,,0.25612088667776217,18,"{'MSANTD3', 'FANCL', 'CORO1C', 'SCCPDH', 'TMEM14A', 'SGCB', 'STK3', 'NENF', 'HMGN3', 'CMC1', 'ECI2', 'TSPAN3', 'CCDC171', 'SCOC', 'CYB5R3', 'GPD2', 'PACSIN2', 'UBXN2A'}",
34,34,CCR2-CCR5 complex,"['CCR5', 'CCR2']",0.06666666666666667,8.644024753307483e-05,2.0,2.0,30.0,CL:15741,"['CXCR6', 'CCR1', 'CCR2']",0.1,0.006830740836079556,42,3,30,Chemokine receptors bind chemokines,KEGG_CYTOKINE_CYTOKINE_RECEPTOR_INTERACTION,"['CCR2', 'TNFSF10', 'CCR1', 'CCR5', 'CXCR6', 'IL9R', 'CSF2RB']",0.23333333333333334,0.009788916450147395,264.0,7.0,30.0,REACTOME_CHEMOKINE_RECEPTORS_BIND_CHEMOKINES,"['CXCR6', 'CCR5', 'CCR1', 'CCR2']",0.13333333333333333,0.001811788962634424,57.0,4.0,30.0,CCL3,"['CCR5', 'CCR1']",0.06666666666666667,0.002986050353801006,9.0,2.0,30.0,,,,,,,,0.29240854663094984,30,"{'CCR2', 'KIAA0825', 'ARRB1', 'FCER1G', 'CCR5', 'ATP8B4', 'STAP1', 'HPGD', 'DOCK5', 'CCR1', 'CXCR6', 'LAT2', 'CAPG', 'C15orf39', 'GALNT6', 'HEG1', 'TOR4A', 'AOAH', 'ITGA1', 'GZMA', 'MMP25', 'STX3', 'TNFSF10', 'NCF4', 'ADAM19', 'GATA3', 'MYO1E', 'IL9R', 'CSF2RB', 'PPCDC'}",
35,35,,,,,,,,CL:893,"['DIMT1', 'WDR18', 'DUS1L', 'EMG1', 'GPATCH4', 'PUS7']",0.25,0.00835833413433423,246,6,24,"rRNA processing, and tRNA modification",KEGG_PURINE_METABOLISM,"['ATIC', 'PAICS', 'PFAS']",0.125,0.1158187866607623,159.0,3.0,24.0,REACTOME_PURINE_RIBONUCLEOSIDE_MONOPHOSPHATE_BIOSYNTHESIS,"['ATIC', 'PAICS', 'PFAS']",0.125,6.0331760144641766e-05,11.0,3.0,24.0,NOP58,"['DIMT1', 'GPATCH4']",0.08333333333333333,0.01054925999522755,21.0,2.0,24.0,,,,,,,,0.5097499775639943,24,"{'SEH1L', 'PFDN2', 'CTU2', 'ABCE1', 'GPATCH4', 'PUS7', 'ATIC', 'MIX23', 'IFRD2', 'RPIA', 'PRMT3', 'NOLC1', 'TIMM50', 'DUS1L', 'DIMT1', 'SFXN4', 'PFAS', 'AIMP2', 'PAICS', 'WDR18', 'MLST8', 'SLC38A5', 'EMG1', 'BZW2'}",
36,36,"DNA synthesome complex, breast cancer cells","['PRIM2', 'POLD3', 'RFC5', 'RFC2', 'RFC4', 'PARP1', 'RFC3', 'PCNA', 'POLE2', 'POLD1', 'PRIM1', 'POLE', 'LIG1', 'POLA2']",0.04861111111111111,4.491933818664604e-11,20.0,14.0,288.0,CL:6139,"['DONSON', 'POLD3', 'MCM3', 'FANCA', 'RFC5', 'CDC6', 'RFWD3', 'RMI1', 'CDC45', 'RFC3', 'GINS2', 'RAD54L', 'LIG1', 'FBXO5', 'CHTF18', 'RFC2', 'EXO1', 'RMI2', 'RAD18', 'RAD51', 'MYBL2', 'MSH6', 'RECQL', 'RBL1', 'MND1', 'ZWILCH', 'FANCB', 'CDC7', 'CDK2', 'MIS18A', 'CENPU', 'NEIL3', 'BRCA1', 'CDC25A', 'GINS3', 'MRE11', 'CCNE1', 'MCM8', 'POLE2', 'DMC1', 'MCM10', 'FANCG', 'WDHD1', 'BARD1', 'DSN1', 'CENPQ', 'MCM2', 'ATAD2', 'FANCC', 'XRCC2', 'NSL1', 'LIN9', 'KNTC1', 'RAD54B', 'CENPM', 'MCMBP', 'E2F2', 'RAD51C', 'GMNN', 'RFC4', 'POLA2', 'XRCC1', 'CHEK1', 'ORC1', 'DDIAS', 'WEE1', 'UNG', 'CHEK2', 'POLD1', 'CLSPN', 'ATAD5', 'PRIM2', 'MCM7', 'LIN54', 'MAD2L2', 'CENPH', 'CCNE2', 'PSMC3IP', 'BLM', 'DSCC1', 'MSH2', 'EME1', 'ANAPC11', 'MCM6', 'TIMELESS', 'FEN1', 'HELLS', 'AUNIP', 'HLTF', 'CDT1', 'TRIP13', 'BRCA2', 'TONSL', 'PCNA', 'CDCA7', 'PCLAF', 'E2F1', 'TOPBP1', 'PRIM1', 'POLE', 'MCM5', 'E2F7', 'MLH1', 'GINS1', 'SKP2', 'BRIP1', 'NCAPD3', 'WDR76', 'ORC6', 'MMS22L', 'DNA2', 'CENPP', 'E2F8', 'NCAPH2', 'MCM4']",0.3993055555555556,8.757550383248266e-31,446,115,288,"DNA repair, and Mitosis",KEGG_DNA_REPLICATION,"['POLD3', 'MCM3', 'PCNA', 'POLE2', 'POLD1', 'MCM2', 'RFC3', 'PRIM1', 'POLE', 'MCM5', 'LIG1', 'PRIM2', 'RFC2', 'MCM7', 'RNASEH2A', 'RFC4', 'POLA2', 'DNA2', 'MCM6', 'FEN1', 'RFC5', 'MCM4']",0.0763888888888889,6.5407456634510515e-15,36.0,22.0,288.0,REACTOME_DNA_STRAND_ELONGATION,"['POLD3', 'MCM3', 'GINS3', 'MCM8', 'PCNA', 'POLD1', 'MCM2', 'CDC45', 'RFC3', 'PRIM1', 'GINS2', 'MCM5', 'LIG1', 'PRIM2', 'RFC2', 'GINS1', 'MCM7', 'RFC4', 'POLA2', 'DNA2', 'MCM6', 'FEN1', 'RFC5', 'MCM4']",0.08333333333333333,2.1392218190790318e-19,32.0,24.0,288.0,MCM3,"['DONSON', 'CDC6', 'MCM3', 'GINS3', 'MCM7', 'ORC1', 'MCM5', 'POLA2']",0.027777777777777776,4.21328018079903e-09,8.0,8.0,288.0,complex 158,"['WDR76', 'HELLS']",0.006944444444444444,0.00821241965528027,2.0,2.0,288.0,0.3206135245429343,288,"{'DONSON', 'POLD3', 'NUP153', 'MCM3', 'BUD13', 'PPP2R3B', 'SPINDOC', 'CSE1L', 'DERA', 'CEP295', 'FANCA', 'TTF2', 'RECQL4', 'DDX39A', 'CDC6', 'NUP50', 'NSD2', 'RFWD3', 'HCFC1', 'RMI1', 'NUP85', 'CDC45', 'PASK', 'RFC3', 'SASS6', 'CHAF1A', 'HAUS1', 'RAD54L', 'GINS2', 'LRRC20', 'LIG1', 'RDM1', 'TTLL5', 'CNTRL', 'FBXO5', 'CHTF18', 'CCDC14', 'RFC2', 'SMC3', 'H2AZ1', 'EXO1', 'RMI2', 'MSH5', 'ACD', 'RAD18', 'GPN3', 'WDR90', 'SIVA1', 'RAD51', 'SPATA5', 'DCAF15', 'MYBL2', 'VRK1', 'ICMT', 'TAF5', 'PABIR2', 'UBR7', 'TMEM237', 'HMGN1', 'MSH6', 'JPT2', 'RECQL', 'RBL1', 'MND1', 'ZWILCH', 'FANCB', 'CDC7', 'CDK2', 'SNRNP25', 'MIS18A', 'CENPU', 'NEIL3', 'BRCA1', 'DUT', 'KHSRP', 'CDC25A', 'GINS3', 'IPO9', 'MRE11', 'CCNE1', 'SUPT16H', 'MCM8', 'POLE2', 'PKMYT1', 'UBAC1', 'PGP', 'DMC1', 'MCM10', 'GLA', 'ACYP1', 'FANCG', 'WDHD1', 'NUP107', 'DTL', 'LSM4', 'BARD1', 'CENPQ', 'MCM2', 'DSN1', 'ATAD2', 'FANCC', 'TK1', 'NAA38', 'XRCC2', 'NSL1', 'LIN9', 'KNTC1', 'ESCO2', 'DTYMK', 'RAD54B', 'CENPM', 'DYNC2I2', 'PCNT', 'MCMBP', 'GSTCD', 'HADH', 'EZH2', 'RBM15', 'E2F2', 'RAD51C', 'RNASEH2A', 'GMNN', 'RFC4', 'SLBP', 'POLA2', 'MTBP', 'XRCC1', 'HNRNPD', 'HIRIP3', 'RABL6', 'SLF1', 'MACROH2A1', 'ORC1', 'CHEK1', 'PAXIP1', 'HAT1', 'DDIAS', 'CBX3', 'WEE1', 'CDK5RAP2', 'UNG', 'DNAJC9', 'UHRF1', 'TMEM106C', 'USP1', 'CHEK2', 'HNRNPA2B1', 'FN3KRP', 'PRIM1', 'CEP128', 'RAD51AP1', 'KEAP1', 'NUP210', 'PBRM1', 'POLD1', 'ALYREF', 'H2BC3', 'RAB8A', 'SAC3D1', 'ZNF519', 'CLSPN', 'MTHFD1', 'HROB', 'ABHD10', 'ATAD5', 'SUZ12', 'CCHCR1', 'CCDC167', 'FIGNL1', 'IFT25', 'PLCXD1', 'E2F8', 'TPGS2', 'RAVER1', 'WRAP53', 'PRIM2', 'TEDC2', 'NET1', 'TUBGCP3', 'MCM7', 'RALY', 'BAZ1B', 'LIN54', 'CBX5', 'TBC1D10B', 'CEP85', 'GUCD1', 'MAD2L2', 'CEP78', 'NUP43', 'ZGRF1', 'CENPH', 'CCNE2', 'REXO5', 'PSMC3IP', 'FBXO43', 'ERI2', 'HAUS4', 'DSCC1', 'C18orf54', 'SLC25A10', 'FAF1', 'MSH2', 'BLM', 'HNRNPUL1', 'EME1', 'ANAPC11', 'HMGXB4', 'SRSF2', 'BRI3BP', 'MCM6', 'PI4K2B', 'TIMELESS', 'FEN1', 'LRRC45', 'HELLS', 'CTNNAL1', 'SMC1A', 'AUNIP', 'HLTF', 'TYMS', 'CDT1', 'TRIP13', 'SHMT1', 'BRCA2', 'TONSL', 'TFDP1', 'C12orf75', 'PCNA', 'CEP72', 'C9orf40', 'CDCA7', 'CABLES2', 'PIGX', 'PCLAF', 'E2F1', 'NUP205', 'CSRP1', 'C21orf58', 'TOPBP1', 'SPTSSA', 'ZDHHC13', 'POLE', 'MCM5', 'MASTL', 'LMNB1', 'PARP1', 'CCP110', 'E2F7', 'THOP1', 'NDC1', 'MLH1', 'DEK', 'MTA2', 'GINS1', 'SKP2', 'DNMT1', 'BRIP1', 'NCAPD3', 'WDR76', 'SAMD1', 'PDS5B', 'LRR1', 'CEP152', 'CNP', 'ORC6', 'MMS22L', 'DHFR', 'NEDD1', 'RBBP7', 'ASF1B', 'TCF19', 'DNA2', 'SLC20A1', 'SUV39H2', 'CENPP', 'ZNF367', 'FAM111B', 'IMPA2', 'STAG1', 'TUBG1', 'AKT1', 'NEMP1', 'C4orf46', 'RFC5', 'SPATA33', 'NCAPH2', 'MCM4'}",
37,37,P2X7 receptor signalling complex,"['ACTN4', 'ITGB2']",0.029850746268656716,0.025293657300899428,12.0,2.0,67.0,CL:19272,"['S100A10', 'AHNAK', 'S100A6']",0.04477611940298507,0.001727852353114333,12,3,67,"mixed, incl. Positive regulation of plasma membrane repair, and Annexin",KEGG_LEUKOCYTE_TRANSENDOTHELIAL_MIGRATION,"['ACTN4', 'ITGB2', 'SIPA1', 'MSN']",0.05970149253731343,0.2280936107649777,116.0,4.0,67.0,REACTOME_RAC1_GTPASE_CYCLE,"['ARHGAP27', 'MYO9B', 'DOCK8', 'PLEKHG2', 'ARHGAP30', 'ESYT1', 'ABR', 'ARHGEF6']",0.11940298507462686,0.037894089764624175,184.0,8.0,67.0,CIT,"['ARHGEF6', 'MYO9B']",0.029850746268656716,0.08363493449908854,23.0,2.0,67.0,,,,,,,,0.33469788670618505,67,"{'LASP1', 'SIPA1', 'PYCARD', 'ACTN4', 'DOCK8', 'SH3BGRL3', 'MSN', 'MEAK7', 'TMEM71', 'ARHGAP30', 'ITGB2', 'AHNAK', 'S100A10', 'INPP4A', 'NBEAL2', 'ABR', 'ARHGEF6', 'RGS19', 'ZBTB4', 'AGTRAP', 'RFLNB', 'FLNA', 'NLRC3', 'CORO7', 'JAK3', 'CCM2', 'PLEKHG2', 'PLEKHO2', 'MACF1', 'CLSTN3', 'USP20', 'THEMIS', 'DDAH2', 'ESYT1', 'CAPN2', 'FES', 'ANKRD13D', 'MKNK1', 'UTRN', 'BCL3', 'CTSB', 'ARHGAP27', 'RNF213', 'TRPV2', 'CLDND1', 'CSNK1G2', 'RHOF', 'SASH3', 'RASAL3', 'TNFSF12', 'PPP1R18', 'CALHM2', 'ANKDD1A', 'S100A6', 'MYO9B', 'SPN', 'S100A4', 'AGAP2', 'CDS2', 'EMP3', 'RNPEPL1', 'GRAP2', 'CCDC88B', 'COMMD7', 'FURIN', 'TBC1D2B', 'ATP2B4'}",
38,38,,,,,,,,CL:17813,"['SPIRE1', 'ABI2']",0.14285714285714285,0.04175464625023547,75,2,14,"mixed, incl. RHO GTPases Activate WASPs and WAVEs, and Actin nucleation",KEGG_FOCAL_ADHESION,"['MAPK8', 'ACTN1']",0.14285714285714285,0.2177250914687939,199.0,2.0,14.0,REACTOME_CELL_JUNCTION_ORGANIZATION,"['PVR', 'ACTN1']",0.14285714285714285,0.09191952449791567,117.0,2.0,14.0,,,,,,,,,,,,,,,0.2619018110952576,14,"{'TUBB6', 'ABI2', 'GOLM1', 'PVR', 'CYBRD1', 'ACTN1', 'PLAAT3', 'SPIRE1', 'NF1', 'PHLPP1', 'PTPRK', 'MAPK8', 'PON2', 'DCBLD2'}",
39,39,CCT complex (chaperonin containing TCP1 complex),"['CCT6A', 'CCT4', 'CCT5', 'CCT8', 'TCP1']",0.042735042735042736,3.210660348138719e-06,8.0,5.0,117.0,CL:1759,"['HSPA4', 'HSPH1', 'HSPD1', 'CCT6A', 'CCT5', 'CCT4', 'AHSA1', 'PSMG1', 'HSP90AA1', 'CHORDC1', 'CCT8', 'TCP1', 'HSP90AB1', 'TRAP1', 'HSPE1']",0.1282051282051282,3.4331444874730543e-06,103,15,117,"Chaperone, and RPAP3/R2TP/prefoldin-like complex",KEGG_CYSTEINE_AND_METHIONINE_METABOLISM,"['GOT2', 'LDHB', 'SRM', 'AHCY']",0.03418803418803419,0.034692717241419944,34.0,4.0,117.0,REACTOME_FOLDING_OF_ACTIN_BY_CCT_TRIC,"['CCT6A', 'CCT4', 'CCT5', 'CCT8', 'TCP1']",0.042735042735042736,1.3610954294942063e-05,10.0,5.0,117.0,CCT3,"['CCT6A', 'CCT4', 'CCT5', 'PSMG1', 'CCT8', 'TCP1', 'HSP90AB1']",0.05982905982905983,2.266481008450416e-08,11.0,7.0,117.0,complex 4556,"['TCP1', 'CCT6A']",0.017094017094017096,0.0013484678615159674,2.0,2.0,117.0,0.5158147783475575,117,"{'METAP2', 'TOMM5', 'KPNA3', 'NUDC', 'PPM1G', 'AHCY', 'CCT8', 'IMPDH2', 'SNRPB2', 'TIMM10', 'PA2G4', 'TOMM22', 'CHORDC1', 'PSME3', 'TUFM', 'ATAD3A', 'DCUN1D5', 'GNPNAT1', 'ZC3H15', 'DLAT', 'SLIRP', 'NSUN2', 'POLDIP2', 'CMSS1', 'YBX1', 'MAK16', 'TIMM13', 'FAM136A', 'NUDCD1', 'PRPS1', 'TXNL4A', 'EIF4E', 'TIMM23', 'DCTPP1', 'GGCT', 'EFTUD2', 'CDC123', 'NME2', 'PSMG1', 'PRMT1', 'CDK4', 'IPO11', 'EIF4G1', 'TOMM40', 'ATP5F1B', 'RCC1', 'AHSA1', 'EXOSC8', 'PPIL1', 'SDHB', 'UCHL5', 'ME2', 'HSP90AA1', 'TFAM', 'LDHB', 'GLRX3', 'LTV1', 'ODC1', 'STOML2', 'RUVBL1', 'TCP1', 'HSP90AB1', 'GOT2', 'LYAR', 'DKC1', 'VDAC1', 'E2F4', 'POLR3H', 'PRPF31', 'FAM98A', 'ILF2', 'CTPS1', 'SLC43A3', 'BRIX1', 'HSPA4', 'ATAD3B', 'CYCS', 'SLC25A32', 'STRAP', 'CCT5', 'GEMIN6', 'TIMM17A', 'MALSU1', 'SNU13', 'IDH3A', 'EEF1E1', 'NAA20', 'SNRPC', 'SRM', 'PRELID3B', 'EIF5B', 'NOL7', 'HSPH1', 'C1QBP', 'SF3A3', 'YRDC', 'DDX1', 'CCDC59', 'TRAP1', 'HSPE1', 'NME1', 'NAA15', 'HSPD1', 'CCT4', 'SERBP1', 'NDUFAB1', 'NUP93', 'LRPPRC', 'BCCIP', 'CCT6A', 'UCK2', 'GART', 'PGAM5', 'EIF4A1', 'SNRNP40', 'SSRP1', 'FABP5'}",
40,40,,,,,,,,CL:20825,"['FKBP4', 'CARM1']",0.16666666666666666,0.0021638744727159685,19,2,12,"mixed, incl. Steroid-binding, and Steroid receptor coactivator",,,,,,,,REACTOME_PROCESSING_OF_SMDT1,"['AFG3L2', 'PHB1']",0.16666666666666666,0.0015281220776107783,16.0,2.0,12.0,,,,,,,,,,,,,,,0.4486437736885505,12,"{'METTL5', 'AFG3L2', 'CARM1', 'SLC25A33', 'GSPT1', 'NDUFAF4', 'ABCF2', 'TBRG4', 'CFAP298', 'FKBP4', 'PHB1', 'PRMT5'}",
41,41,CENP-H-I complex,"['CENPO', 'CENPI', 'CENPN', 'CENPL']",0.07547169811320754,2.10118862421879e-05,11.0,4.0,53.0,CL:6596,"['PARPBP', 'CENPW', 'CENPN', 'MAD2L1', 'OIP5', 'CENPL', 'SKA3', 'SKA1', 'CENPO', 'MELK', 'SPDL1', 'HASPIN', 'C1orf112', 'ERCC6L', 'SHCBP1', 'NCAPH', 'CENPI', 'NCAPG', 'SMC2', 'CDC27']",0.37735849056603776,5.371776820730727e-14,151,20,53,"mixed, incl. Mitotic Spindle Checkpoint, and Mitotic sister chromatid segregation",KEGG_PATHOGENIC_ESCHERICHIA_COLI_INFECTION,"['TUBB', 'TUBA4A', 'TUBA1B']",0.05660377358490566,0.06561714133833146,56.0,3.0,53.0,REACTOME_MITOTIC_PROMETAPHASE,"['CENPI', 'NCAPG', 'SKA1', 'CENPO', 'CENPJ', 'SMC2', 'CENPN', 'SPDL1', 'MAD2L1', 'ODF2', 'TUBA1B', 'NCAPH', 'CDCA5', 'PLK4', 'TUBA4A', 'TUBB', 'ERCC6L', 'CENPL']",0.33962264150943394,1.4698530388271614e-09,204.0,18.0,53.0,CENPM,"['SKA3', 'CENPI', 'CENPN', 'CENPL']",0.07547169811320754,8.224644758680629e-06,9.0,4.0,53.0,complex 2745,"['CENPO', 'CENPI']",0.03773584905660377,0.00027382680712776346,2.0,2.0,53.0,0.4579170970554228,53,"{'SAPCD2', 'PARPBP', 'CENPW', 'CENPJ', 'GGH', 'DBF4', 'KMT5A', 'CIP2A', 'POLQ', 'UBE2T', 'CENPN', 'SAP30', 'ODF2', 'MAD2L1', 'OIP5', 'PLK4', 'CDCA5', 'TUBB', 'TUBA4A', 'CCDC18', 'LMNB2', 'CENPL', 'SKA3', 'TICRR', 'SKA1', 'CENPO', 'MELK', 'SPDL1', 'TUBA1B', 'MTFR2', 'HASPIN', 'SAE1', 'C1orf112', 'DBF4B', 'ERCC6L', 'NCAPH', 'DIAPH3', 'ANP32E', 'SHCBP1', 'PHF19', 'CENPI', 'NCAPG', 'STIL', 'BCL2L12', 'LBR', 'GEN1', 'SMC2', 'FANCI', 'SUV39H1', 'NUDT1', 'RRM1', 'CDC27', 'POC1A'}",
42,42,KIF4A-KIF14-KIF20A-KIF23-PRC1 complex,"['KIF4A', 'KIF20A', 'KIF23', 'KIF14', 'PRC1']",0.045871559633027525,4.3726850861058155e-08,5.0,5.0,109.0,CL:6606,"['SPAG5', 'MKI67', 'KIF20A', 'DEPDC1B', 'PLK1', 'KIF14', 'CIT', 'ARHGAP11A', 'FAM83D', 'KIF2C', 'NUSAP1', 'ANLN', 'CDKN3', 'DLGAP5', 'BUB1', 'BUB1B', 'KNSTRN', 'TOP2A', 'CCNB1', 'AURKA', 'TTK', 'NCAPD2', 'ECT2', 'AURKB', 'KIF4A', 'HMMR', 'KIF18B', 'KIF11', 'RACGAP1', 'CEP55', 'KIFC1', 'CDC20', 'INCENP', 'CDCA2', 'CCNB2', 'TPX2', 'BIRC5', 'CKAP2L', 'CDCA8', 'PBK', 'PRC1', 'CENPE', 'KIF23', 'CKAP2', 'CENPF', 'NCAPG2', 'FOXM1', 'SMC4']",0.44036697247706424,1.7649605633441878e-63,61,48,109,"Mitotic sister chromatid segregation, and Mitotic spindle checkpoint signaling",KEGG_CELL_CYCLE,"['CDC25B', 'CDC25C', 'FZR1', 'ESPL1', 'PTTG1', 'PLK1', 'RAD21', 'CDC20', 'BUB1', 'BUB1B', 'CCNB1', 'CDKN2C', 'CCNB2', 'CCNA2', 'TTK', 'CDK1']",0.14678899082568808,3.4604723718109294e-06,125.0,16.0,109.0,REACTOME_RESOLUTION_OF_SISTER_CHROMATID_COHESION,"['PLK1', 'KNL1', 'NDC80', 'TUBB4B', 'KIF18A', 'KIF2C', 'TUBA1C', 'BUB1', 'BUB1B', 'CCNB1', 'CENPA', 'SPC24', 'AURKB', 'NDE1', 'CDC20', 'SGO2', 'SPC25', 'INCENP', 'CCNB2', 'SGO1', 'BIRC5', 'CDCA8', 'CDK1', 'RAD21', 'CENPE', 'CKAP5', 'CENPF', 'NUF2']",0.25688073394495414,2.1584772777464166e-16,127.0,28.0,109.0,CDCA8,"['KIF20B', 'KIF20A', 'INCENP', 'BIRC5', 'CDCA8']",0.045871559633027525,4.3726850861058155e-08,5.0,5.0,109.0,complex 230,"['KIF22', 'CKAP2L']",0.01834862385321101,0.0011696259700682264,2.0,2.0,109.0,0.5417946002756144,109,"{'NEK2', 'MKI67', 'UBE2C', 'CKS1B', 'GTSE1', 'KIF20B', 'TUBA1C', 'PTTG1', 'TOP2A', 'CCNB1', 'HMMR', 'NDE1', 'CDC20', 'INCENP', 'CCNB2', 'PRC1', 'ARHGAP11B', 'NUF2', 'GPSM2', 'CCNA2', 'CDCA3', 'KIF20A', 'CCNF', 'RNF26', 'KNL1', 'NDC80', 'KIF2C', 'CDC25C', 'BRD8', 'BUB1', 'CKS2', 'KNSTRN', 'TTK', 'AURKB', 'TROAP', 'TRIM59', 'KIF22', 'SPC25', 'ARL6IP1', 'CDKN2C', 'STMN1', 'TPX2', 'BIRC5', 'SGO1', 'CDCA8', 'CKAP2L', 'CENPE', 'UBE2S', 'MZT1', 'ARHGAP11A', 'PRR11', 'NUCKS1', 'TACC3', 'ANLN', 'CDKN3', 'FZR1', 'ARHGAP19', 'CENPA', 'KIF15', 'DCAF7', 'DEPDC1', 'NCAPD2', 'ECT2', 'ASPM', 'KIF4A', 'KIF18B', 'KIF11', 'BORA', 'RACGAP1', 'CEP55', 'KIFC1', 'CALM2', 'CDCA2', 'PBK', 'CDK1', 'HJURP', 'KIF23', 'CKAP2', 'HMGB2', 'CKAP5', 'CENPF', 'NCAPG2', 'SPAG5', 'G2E3', 'KPNA2', 'H2AX', 'DEPDC1B', 'PLK1', 'KIF14', 'CIT', 'TMPO', 'FAM83D', 'TUBB4B', 'KIF18A', 'NUSAP1', 'DLGAP5', 'PIF1', 'BUB1B', 'AURKA', 'SPC24', 'SCLT1', 'CDC25B', 'FAM111A', 'ARHGEF39', 'SGO2', 'RAD21', 'ESPL1', 'FOXM1', 'SMC4'}",
43,43,,,,,,,,CL:30109,"['SOGA3', 'KIAA0408']",0.07407407407407407,0.0006865478583810083,5,2,27,"mixed, incl. Abl-interactor HHR, and Negative regulation of connective tissue replacement",KEGG_CELL_ADHESION_MOLECULES_CAMS,"['NEO1', 'ITGB1']",0.07407407407407407,0.31370551308784067,133.0,2.0,27.0,REACTOME_FORMATION_OF_THE_URETERIC_BUD,"['SIX1', 'ITGB1']",0.07407407407407407,0.013256784605914283,21.0,2.0,27.0,SEC61B,"['NPTN', 'ITGB1']",0.07407407407407407,0.07859143438143498,55.0,2.0,27.0,,,,,,,,0.20263088851076927,27,"{'IL7', 'B4GALT5', 'TRPC1', 'ARHGAP10', 'EVC', 'MYO5A', 'SIX1', 'KIAA0408', 'NEO1', 'TNFRSF11A', 'TWSG1', 'CPPED1', 'DST', 'SYT11', 'MAP3K21', 'MIB1', 'MIIP', 'GDE1', 'ITGB1', 'SNX24', 'CDC42BPB', 'GTDC1', 'ZC2HC1A', 'NTRK2', 'SOGA3', 'CITED2', 'NPTN'}",
44,44,,,,,,,,CL:15622,"['CD86', 'TNFRSF8']",0.09523809523809523,0.013256784605914283,27,2,21,"TNFs bind their physiological receptors, and T cell modulation in pancreatic cancer",KEGG_ANTIGEN_PROCESSING_AND_PRESENTATION,"['CD74', 'CIITA']",0.09523809523809523,0.11370192276548187,88.0,2.0,21.0,REACTOME_DEVELOPMENTAL_LINEAGE_OF_PANCREATIC_DUCTAL_CELLS,"['CD74', 'CA2']",0.09523809523809523,0.039200813612095764,48.0,2.0,21.0,,,,,,,,,,,,,,,0.2750348557785541,21,"{'CD86', 'CA2', 'CREG1', 'CIITA', 'MSC', 'CCND2', 'TJP2', 'TNFRSF8', 'BATF3', 'ENPP2', 'TOX2', 'FSCN1', 'CD74', 'AHCYL2', 'SMCO4', 'MBD2', 'DNAJC6', 'EPB41L2', 'ADCY1', 'TSPAN33', 'LEPR'}",
45,45,PDCD4-RICTOR complex,"['RICTOR', 'PDCD4']",0.00966183574879227,0.004236764408396984,2.0,2.0,207.0,CL:29426,"['EVI2A', 'EVI2B']",0.00966183574879227,0.03714952440178002,5,2,207,"mixed, incl. ADAP, PH domain 1, and Ectropic viral integration site 2A protein",KEGG_VASOPRESSIN_REGULATED_WATER_REABSORPTION,"['RAB5B', 'STX4', 'VAMP2', 'PRKACB']",0.01932367149758454,0.3223758496059937,44.0,4.0,207.0,REACTOME_PEXOPHAGY,"['SQSTM1', 'NBR1', 'ATM', 'UBC']",0.01932367149758454,0.004034176309764114,11.0,4.0,207.0,TRAT1,"['EVI2A', 'CD247', 'EVI2B', 'CD3E']",0.01932367149758454,0.001709126329509683,9.0,4.0,207.0,complex 3873,"['ATP6V0E1', 'RNASEK']",0.00966183574879227,0.004236764408396984,2.0,2.0,207.0,0.3062288636167655,207,"{'RETREG3', 'CREBL2', 'OS9', 'MED12', 'PRKACB', 'FAM168A', 'YIPF3', 'NRBP1', 'CREBRF', 'ZER1', 'RBL2', 'ESYT2', 'SLC12A6', 'HERPUD2', 'HBP1', 'SNRK', 'MOB2', 'MAGED2', 'MARCHF8', 'PSEN1', 'TSPAN31', 'ZFYVE1', 'MXD1', 'YPEL3', 'TBC1D17', 'ZBTB7B', 'NBR1', 'FYB1', 'ATM', 'RABGAP1L', 'CD247', 'CTBS', 'MXD4', 'YPEL5', 'FAM219B', 'N4BP2L1', 'SGSH', 'STX4', 'GOLGA8B', 'CD3E', 'SH3BGRL', 'AKAP13', 'MINDY2', 'LMBRD1', 'GALC', 'PRKAR1A', 'AAK1', 'BLTP1', 'WASHC3', 'TPP1', 'TGOLN2', 'BSDC1', 'EVI2B', 'CRBN', 'PIK3IP1', 'PTPN1', 'B3GALT4', 'SYTL2', 'CALCOCO1', 'EMB', 'PHF1', 'HCFC2', 'DUSP5', 'RAB2B', 'ARL6IP5', 'TCP11L2', 'TMUB2', 'ABCD2', 'VWA5A', 'PRMT2', 'POLD4', 'CCNG2', 'BMF', 'INPP5K', 'LMBR1L', 'LRRC37B', 'TPRG1L', 'SENP7', 'PARP8', 'PINK1', 'CD53', 'DYRK1B', 'SLC35D2', 'SPSB3', 'TMEM50A', 'SLC2A3', 'ARID4B', 'WDTC1', 'PNRC1', 'UBXN6', 'NATD1', 'SOS2', 'VPS45', 'EP300', 'CLEC2B', 'SERINC1', 'TANK', 'MTMR3', 'SPTAN1', 'LAPTM5', 'HECTD4', 'ATRX', 'ARAP1', 'ZBTB22', 'HECA', 'TP53INP1', 'RAB5B', 'PATL2', 'OGA', 'KLHL24', 'TMBIM1', 'HDAC5', 'EVI2A', 'JMJD1C', 'SMAD3', 'BCAS3', 'BROX', 'HIPK3', 'S100PBP', 'SYNRG', 'CDKN1B', 'NPHP3', 'ARL8A', 'PPP2R5B', 'EMC10', 'TK2', 'SH3GLB1', 'C4orf3', 'PTPRC', 'BORCS6', 'SQSTM1', 'TOM1L2', 'FGD3', 'SMAP1', 'RICTOR', 'UBE2H', 'LNPEP', 'WDFY2', 'CPEB4', 'ITM2A', 'TMEM219', 'AFF4', 'OSBPL2', 'GNS', 'RNASEK', 'PHF21A', 'GABARAP', 'CCNDBP1', 'WDR26', 'YPEL2', 'WBP1', 'UBC', 'CASP8', 'ATOSA', 'KMT2E', 'PDCD4', 'ULK1', 'BPTF', 'CD96', 'CBFA2T2', 'MGAT1', 'VAMP2', 'GRN', 'HERC3', 'WBP2', 'PCMTD1', 'ORAI3', 'SERINC3', 'PPP2R5C', 'CCDC7', 'ATF6B', 'DNAJB2', 'VPS8', 'ZSWIM8', 'TNRC6B', 'NCSTN', 'IGFLR1', 'BTG2', 'LRP10', 'KIAA0319L', 'ARID4A', 'WIPI2', 'ZNF217', 'ARL2BP', 'FBXO3', 'PSAP', 'PJA2', 'ATP7A', 'PBXIP1', 'CCDC28A', 'TOM1', 'ABTB1', 'ABHD4', 'CRTC2', 'FBXO32', 'LGALS8', 'ABCA7', 'TUT7', 'DDX17', 'RIT1', 'TMEM59', 'ATP6V0E1', 'TENT5C', 'CDC42SE2', 'RAB6A', 'MICAL1', 'ARSA'}",
46,46,"ING5 (BRPF2, MOZ, MORF) complex","['BRD1', 'KAT6A', 'KAT6B']",0.014492753623188406,0.002481378523168149,5.0,3.0,207.0,CL:5615,"['ARID5B', 'KDM2A', 'KDM4B', 'KDM3A']",0.01932367149758454,0.004034176309764114,11,4,207,"Histone H3-K9 demethylation, and Lysine-specific demethylase 6, GATA-like domain superfamily",KEGG_SNARE_INTERACTIONS_IN_VESICULAR_TRANSPORT,"['STX6', 'STX16']",0.00966183574879227,0.7205053533406843,38.0,2.0,207.0,REACTOME_FOXO_MEDIATED_TRANSCRIPTION_OF_CELL_DEATH_GENES,"['BCL6', 'FOXO3', 'CREBBP']",0.014492753623188406,0.08168194982721885,16.0,3.0,207.0,ING4,"['BRD1', 'KAT6A', 'EPC2', 'EPC1', 'ING4']",0.024154589371980676,0.0003763601022553542,11.0,5.0,207.0,complex 1525,"['FBXL3', 'CRY2']",0.00966183574879227,0.004236764408396984,2.0,2.0,207.0,0.21708742066475414,207,"{'ZNF638', 'STX6', 'MSL2', 'NSMCE3', 'ZNF292', 'BNIP3L', 'ARID5B', 'RIOK3', 'ACAD11', 'BTG1', 'FBXL3', 'TRAF5', 'ZFAND3', 'UBR2', 'ZMYM2', 'KLHL28', 'RSF1', 'PHC3', 'AKAP9', 'ZNF805', 'ZFP36L2', 'STX16', 'BCL2', 'USP33', 'TTC14', 'KMT5B', 'C11orf68', 'MAPK8IP3', 'KIAA2026', 'OGT', 'NINJ1', 'RNF146', 'PGGHG', 'ZBTB25', 'ACVR2A', 'CREBBP', 'HMBOX1', 'USP25', 'KMT2B', 'FNBP4', 'TET2', 'ITPKB', 'CNOT8', 'CNOT6L', 'RBM6', 'MAST3', 'ETV3', 'LENG8', 'ZNF24', 'VPS13B', 'TRIM23', 'KLHDC2', 'TNKS', 'SLC5A3', 'JMY', 'BORCS7', 'PHF12', 'KDM6A', 'TAX1BP1', 'KAT6A', 'RSRP1', 'CLIP4', 'TIPARP', 'PARP6', 'FRS2', 'ABCA5', 'PHF3', 'CHIC1', 'N4BP2L2', 'CRY2', 'MARCHF7', 'TSTD1', 'ITK', 'UBXN7', 'IST1', 'ARMH3', 'BCKDHA', 'SMG1', 'KIZ', 'ZHX2', 'GATAD2B', 'TTC17', 'EZH1', 'GCC2', 'RBM33', 'ZMYM5', 'TSPYL1', 'BTBD7', 'WIPF2', 'STK4', 'KAT6B', 'DDX3X', 'UBR4', 'ACVR1', 'HELZ', 'PIK3C3', 'HERC4', 'ZFC3H1', 'FBXL5', 'MTERF4', 'REST', 'KDM4B', 'RCOR3', 'XIAP', 'CEP120', 'PAIP2', 'TAPT1', 'ZDHHC17', 'EPC2', 'ATG14', 'PCNX2', 'FBXW4', 'ZBTB1', 'RAB3GAP1', 'TMEM167B', 'FAM193B', 'ASH1L', 'PPCS', 'MARCHF6', 'TMEM168', 'ZC3H12A', 'CHD2', 'GPATCH2L', 'MDM4', 'BRD1', 'TRIM13', 'NBAS', 'DDX6', 'NIPBL', 'KDM3A', 'LRIG2', 'ITPKC', 'BRWD1', 'MED13L', 'KLF6', 'STAT3', 'BRWD3', 'ARRDC3', 'RBM5', 'BMT2', 'KDM2A', 'FOXO3', 'GPCPD1', 'GPR171', 'NKTR', 'CLK4', 'MEF2D', 'KMT2C', 'ZNF484', 'CHIC2', 'CBLB', 'DMTF1', 'PTAR1', 'WDR11', 'CCNL1', 'INO80D', 'PLEKHF2', 'ZNF397', 'VCPIP1', 'USP9X', 'DCAF5', 'LATS1', 'RREB1', 'ZNFX1', 'MYSM1', 'CDC73', 'NSF', 'PILRB', 'PPM1A', 'MORC3', 'TAOK1', 'CD7', 'ATF7IP', 'PLA2G6', 'BACH1', 'BCL6', 'CLK1', 'MYNN', 'FBXO11', 'ZKSCAN1', 'BIRC6', 'TERF2IP', 'AFF1', 'TBC1D15', 'KHNYN', 'USP34', 'YIPF4', 'MEF2A', 'ATP9B', 'CEP85L', 'ANAPC16', 'ING4', 'RLF', 'PFDN5', 'SPG11', 'KANSL1', 'TMEM87A', 'MKLN1', 'TNFRSF10D', 'CCNT2', 'TSC22D3', 'MXI1', 'ZDBF2', 'GPBP1', 'ZBTB41', 'EPC1', 'GLCCI1'}",
47,47,,,,,,,,CL:17811,"['CORO1B', 'RHOC']",0.06896551724137931,0.4180646885855669,155,2,29,"mixed, incl. Regulation of actin dynamics for phagocytic cup formation, and CDC42 GTPase cycle",,,,,,,,REACTOME_RHO_GTPASES_ACTIVATE_CIT,"['DLG4', 'RHOC']",0.06896551724137931,0.01252806158729763,19.0,2.0,29.0,DVL3,"['DLG4', 'DVL3']",0.06896551724137931,0.0007931211319739638,5.0,2.0,29.0,complex 17581,"['DLG4', 'DVL3']",0.06896551724137931,8.067756436420318e-05,2.0,2.0,29.0,0.2201093812250447,29,"{'CYFIP1', 'MYO1C', 'VSIG10', 'CCDC136', 'APLP1', 'RTN2', 'MDK', 'AGPAT2', 'SRC', 'DMTN', 'CARMIL1', 'AACS', 'DLG4', 'GLIS2', 'RHOC', 'CTSZ', 'ATN1', 'H1-0', 'ZNF358', 'SLC22A17', 'SPATA20', 'DVL3', 'LTBP3', 'CORO1B', 'IAH1', 'MGRN1', 'EBF4', 'SERPINH1', 'ZNF219'}",
48,48,,,,,,,,CL:16999,"['IFITM3', 'SP110', 'IFITM2', 'PLAC8']",0.10256410256410256,0.004238144529357738,55,4,39,"mixed, incl. Interferon alpha/beta signaling, and Aicardi-Goutieres syndrome",KEGG_TIGHT_JUNCTION,"['EPB41', 'PATJ']",0.05128205128205128,0.4877004150697817,132.0,2.0,39.0,REACTOME_INTERFERON_ALPHA_BETA_SIGNALING,"['IFITM3', 'IFITM1', 'IFITM2']",0.07692307692307693,0.06941317489638323,78.0,3.0,39.0,PTTG1IP,"['IFITM3', 'IFITM1']",0.05128205128205128,0.002973939450933384,7.0,2.0,39.0,complex 28619,"['IFITM3', 'IFITM1']",0.05128205128205128,0.00014724649062530676,2.0,2.0,39.0,0.3176837972333478,39,"{'CCSER2', 'SP110', 'IFITM1', 'IFITM2', 'RALGAPA2', 'IFITM3', 'PWWP2B', 'GPR155', 'DOCK9', 'SEC31B', 'PATJ', 'UBE2F', 'MGAT4A', 'TMEM106B', 'RAMP1', 'RETREG1', 'PCGF5', 'CISH', 'IL11RA', 'PDE6G', 'PLAC8', 'IL27RA', 'ANO9', 'PLCG1', 'TTC39C', 'RAB11FIP4', 'RNF144A', 'SP140L', 'RNF157', 'RCAN3', 'GALT', 'TNIK', 'KDM4C', 'PITPNM2', 'EEIG1', 'TMEM131L', 'PARP11', 'EPB41', 'IGSF9B'}",
49,49,,,,,,,,CL:16550,"['THEMIS2', 'ARHGAP25', 'TBC1D10C']",0.041666666666666664,0.0027217869857772046,13,3,72,"mostly uncharacterized, incl. Protein THEMIS, and Congenital disorder of glycosylation Ig",KEGG_PATHOGENIC_ESCHERICHIA_COLI_INFECTION,"['HCLS1', 'WAS']",0.027777777777777776,0.3646646746295607,56.0,2.0,72.0,REACTOME_FLT3_SIGNALING_THROUGH_SRC_FAMILY_KINASES,"['FLT3LG', 'LCK']",0.027777777777777776,0.007181035197368825,6.0,2.0,72.0,TMC6,"['TMC6', 'TMC8']",0.027777777777777776,0.0015013085896728733,3.0,2.0,72.0,complex 11889,"['TMC6', 'TMC8']",0.027777777777777776,0.0005079109717115844,2.0,2.0,72.0,0.40121807166301016,72,"{'PRKD2', 'CDC42SE1', 'FLT3LG', 'KLF13', 'KLF2', 'PLCB2', 'ARHGAP45', 'MAL', 'LRCH4', 'BIN2', 'PDLIM2', 'SEPTIN1', 'BCL9L', 'MAN2B1', 'TCIRG1', 'THEMIS2', 'ZNF652', 'SUSD3', 'LCK', 'IL32', 'DEF6', 'ARHGEF1', 'RCBTB2', 'SELPLG', 'TMC8', 'LPAR2', 'CYTH1', 'TSPAN14', 'SLC12A7', 'SEPTIN9', 'C16orf54', 'S1PR4', 'CYFIP2', 'HCLS1', 'RNF125', 'PRKCQ', 'RASGRP2', 'RNF166', 'TRADD', 'TMC6', 'TBC1D10C', 'CYBA', 'PIM1', 'TC2N', 'ARHGAP25', 'PGAP6', 'RCSD1', 'SIGIRR', 'SAMHD1', 'ICAM3', 'LIMD2', 'WAS', 'STK10', 'SIT1', 'RASGRP1', 'LPAR6', 'DENND1C', 'NCKAP1L', 'SLC44A2', 'FXYD5', 'NECAB3', 'IQSEC1', 'TLE5', 'ADD3', 'RGP1', 'SNAI3', 'PTPN4', 'ARL4C', 'CCDC69', 'KAT2B', 'MKNK2', 'RIPK3'}",
50,50,,,,,,,,CL:8027,"['ANKRD44', 'MINK1']",0.15384615384615385,0.017645363403605084,51,2,13,"mixed, incl. Magnesium-dependent protein serine/threonine phosphatase complex, and Calcipressin",,,,,,,,REACTOME_RAC1_GTPASE_CYCLE,"['ARHGAP15', 'DOCK11']",0.15384615384615385,0.17171167839438606,184.0,2.0,13.0,,,,,,,,,,,,,,,0.42302133090565386,13,"{'SUN2', 'NLRP1', 'ARHGAP15', 'STK38', 'SYTL1', 'CDC14A', 'AK1', 'ST6GALNAC6', 'MINK1', 'ACAP1', 'DOCK11', 'ANKRD44', 'TMEM63A'}",
51,51,AKAP5-PPP3CA-PRKAR2A complex,"['PPP3CA', 'AKAP5']",0.027777777777777776,0.0015013085896728733,3.0,2.0,72.0,CL:24724,"['GPR132', 'GPR68']",0.027777777777777776,0.004858506268748408,5,2,72,"mixed, incl. G protein-coupled receptor 3/6/12 orphan, and Positive regulation of osteoclast development",KEGG_O_GLYCAN_BIOSYNTHESIS,"['ST3GAL2', 'GALNT4']",0.027777777777777776,0.14728045571423348,30.0,2.0,72.0,REACTOME_SYNTHESIS_OF_BILE_ACIDS_AND_BILE_SALTS_VIA_27_HYDROXYCHOLESTEROL,"['NCOA2', 'HSD3B7']",0.027777777777777776,0.03875000692160504,14.0,2.0,72.0,LAMP1,"['ITGA2', 'GPR137']",0.027777777777777776,0.03370115433195841,13.0,2.0,72.0,,,,,,,,0.21580726344123644,72,"{'KIF13B', 'CD58', 'SLFN12', 'RELL1', 'FAM89B', 'NCOA2', 'NECTIN3', 'RFX5', 'BCL7C', 'GPR68', 'PARP4', 'TSC22D4', 'DENND3', 'GLIPR1', 'ATP10D', 'NME7', 'LINC02694', 'KLC1', 'PI4KB', 'LAMP2', 'SLC9A9', 'GALNT4', 'ST3GAL2', 'EVA1B', 'PRDM8', 'CD63', 'EXT1', 'WNT5B', 'ACADVL', 'PPP1R12A', 'RNPEP', 'F2R', 'ARHGAP18', 'POC1B', 'PPP3CA', 'SCAMP2', 'SLC35E3', 'IL3RA', 'PCTP', 'ITGA2', 'EHBP1L1', 'TST', 'ANXA11', 'ILRUN', 'PIAS3', 'MPST', 'TYK2', 'BTN2A2', 'ST8SIA4', 'SCPEP1', 'RFFL', 'SLC12A4', 'AKAP5', 'TBK1', 'ODAPH', 'GPR132', 'INPPL1', 'STBD1', 'GPR137', 'NTNG2', 'DMD', 'RGS1', 'HSD3B7', 'IDS', 'CHST11', 'CLU', 'ARHGAP35', 'TCAF1', 'C6orf89', 'SSH1', 'MTCH1', 'NINJ2'}",
52,52,,,,,,,,CL:15532,"['IL2RB', 'GNLY']",0.18181818181818182,0.4825306452312974,455,2,11,"Cytokine-cytokine receptor interaction, and Immunoregulatory interactions between a Lymphoid and a non-Lymphoid cell",,,,,,,,REACTOME_CYTOKINE_SIGNALING_IN_IMMUNE_SYSTEM,"['IL2RB', 'BIRC3']",0.18181818181818182,0.7979682962164669,785.0,2.0,11.0,,,,,,,,,,,,,,,0.2625886012582583,11,"{'IL2RB', 'FUT8', 'GRAMD1B', 'GNLY', 'TCTN3', 'ENTPD1', 'CASS4', 'PPFIBP1', 'RTF2', 'ADGRG5', 'BIRC3'}",
